marca,quantidade
(ACIDO FOLICO) 5MG C,1
(B1) 5MG/ML SOL INJ,1
(P) 10MG/ML CX C/25,1
*C1* 250MG/5ML CX C/,1
*C1*25 MG COM REV CT,1
- CLOMIPRAMINA 25 MG,1
/ PROLIA 60MG SER PR,1
"0,50 - AMP 1ML",1
004-0035,1
0084-19,1
01 CANETA INJETAVEL,1
01 litro,1
1  litro,1
1 - BIOLAB / 2 - HIP,1
1 APL+ 1 IMPLANTE,1
1 BIS. X 100G - RMS,3
1 BIS. X 15G - RMS 1,4
"1 BIS. X 3,5G - RMS",2
1 BL. X 10 - RMS 102,1
1 FRS/AMP,1
1 FT. X 5ML - RMS 10,1
1 LITRO,9
1 LITRO - VÁLVULA PU,1
1 LITRO 70%,1
1 LITRO 70º,1
1 LITRO/LIQUIDO/70%,1
1 LITROS/SAFRA,1
1 LT,2
1 Lts,1
1 emb c/ 2 fr 10 mg/,1
1 emb c/1 fr 10 mg/m,1
1 litro,5
"1,5 MUI COM REV CT B",1
1. Unomedical a/s,1
1..000.000 UI Cx c/1,1
"1.0 - 7,5 ML",1
1.000.000 UI CX c/10,1
1.000.000 UI Cx c/10,1
1.000.000 Ui Cx c/10,1
1.0038.0043.003-4,1
1.0089.0202.061-8,1
1.0235.0458.019-6,1
1.0235.0482.015-4,1
1.0235.0528.008-0,1
1.0235.0532.002-3,1
1.0235.0577.004-5,1
1.0235.0655.002-2,1
1.0235.0663.015-8,3
1.0235.0754.009-8,1
1.0235.0885.002-3,2
1.0235.0988.004-1,1
1.0235.1073.011-0,1
1.0235.1128.002-1,1
1.0235.1260.002-8,1
1.0235.1263.007-5,1
1.0235.1342.010-4,3
1.037.004.420.07-6,1
1.0497.0155.003-1,1
1.0497.0289.001-2,1
1.0497.1317.001-6,1
1.0497.1489.003-9,1
1.0535.0160.003-1,1
1.0974.0046.011-2,1
1.1085.0043.001-1,1
1.1343.0159.002-4,1
1.1343.0171.002-1,1
1.1343.0200.002-6,1
1.1637.0164.002-2,1
1.1819.0311.006-5,1
1.200.000 UI PO SUS,1
1.200.000ui,2
1.2352.0189.005-5,1
1.2352.0273.005-1,1
1.2568.0052.002-9,1
1.2568.0146.003-8,1
1.2568.0255.035-9,2
1.3348.0001.004-2,1
1.3569.0015.004-1,1
1.3569.0614.008-0,1
1.4107.0006.006-3,1
1.4107.0006.019-5,1
1.4761.0020.001-0,1
1.5423.0243.004-3,1
1.5584.0096.003-5,1
1.5584.0102.001-1,1
1.5584.0141.006-3,1
1.5584.0194.001-1,2
1.5584.0194.003-8,1
1.5584.0254.001-7,1
1.5584.0526.020-1,1
1.5592.0004.024-0,1
1.5626.0027.003-0,1
1.7817.0060.011-2,1
1.7817.0775.002-0,1
1.7817.0867.003-9,1
1.7817.0903.006-8,1
1.7817.0906.005-6,1
1.7817.0910.010-4,1
1.7817.0910.017-1,1
10 BIS. X 30G + ESP.,6
10 BIS. X 30G - RMS,1
10 COPOS X 150ML - R,1
10 EST. X 1 FA X 20M,10
"10 SER INJ 0,2 ML+SI",1
"10 SER INJ 0,4 ML+SI",1
"10 SER INJ 0,8+SIST",1
"10 SER PRE ENCH X 0,",1
10 SER. X 10G - RMS,3
10 Volumes,1
100 BG C/30G,1
100 GRS,1
100061792 ou 1001020,1
1000medic,1
100131416 - ANV  818,1
100131416 8186942002,1
100134551 - ANV 8186,1
1004313370093 / CX C,1
1004313410011 / Caix,1
1004314560041 / Emba,1
100GR,1
100MGCOMP / 45 BL X,1
100MGSOL INJ C/10SER,1
1037001000092 / CX C,1
1037004430020/CX C/2,1
103700472/COMPRIMIDO,1
1037007120014 / CX C,1
1049701260058 - ERGO,1
1049711680033 | BISA,1
1049715040012 AMOXIC,1
1055303670064 / CX C,1
1055303740011  / CX,1
1057307240036    / C,1
1058308140122 / CX C,1
10BL X 20CP GEN\1.55,1
10FRXX20ML RMS 10298,1
10GR,1
10V,1
10est. x 1fa. x 20ml,1
113430167/COMPRIMIDO,1
1152400120016 - 10ML,1
1166400010016/CX C/1,1
1171700620029    / C,1
12/400mcg cx c/60cap,1
120 DOSES,2
1256802010052 | 5285,1
1256802770030 / Emba,1
1256802770121 / Emba,1
12X1L,1
12X500ML,1
13-1316-05,1
1314-13-2,1
13409-09-8/GR,1
1351700280031 / CX C,2
1376401480016 /  CLO,1
1397-89-3 250 MG,1
1410706230068 / CX C,1
1410706230068 / Emba,1
1410706290060 / Caix,1
1438101310038 / CX C,1
1438101770039 / CX C,1
150MGCOMCTBLAL PLAS,1
1564900030066 | 5386,1
160+60gm/ml enema 12,1
18-FDG (2-fluor-2 di,2
18-FDG 18F-FDG (2-de,6
18002 - D.SURGICAL H,1
1832601990050 / Cx c,1
18F-NOTA,1
19257 - 100MG/ML,1
1FARMA/CIMED,1
1FRSX30CAP GEL DURA+,1
1Farma,1
1LITRO,1
1LT,5
1litro,1
1lt,1
2 BL. X 10 - RMS 102,12
"2 SER PRE ENCH X 0,6",1
"2 SER PRE ENCH X 0,8",2
"2 SER. PRE ENCH X 0,",1
"2%+0,5% - 5 ML",1
"2%,",1
"2,01,0 G PO P/ SOL I",1
20 BL. X  10 - RMS 1,1
20 BL. X 10 - RMS 10,19
20 PCC SOL INJ C T F,1
20 PCC SOL INJ CT FA,3
20 grs,1
200 DOSES,1
200110  CLORETO DE S,1
200111	CLORETO DE SÓ,1
2023/2023,4
2024/2024,10
2025//2025,2
2025/2025,3
2025/2026,1
2026//2026,1
209139-500G,1
20BL X 10CP\SIMILAR\,1
20BL. X 10 - RMS 102,28
20BLX10 - RMS: 10298,1
20C,1
20MGSOLINJ CT 10SER,1
20X1ML,1
21 - c/7,1
22 e 23 - PRATI D; 2,1
25 com 14 comprimido,1
"25,515.0000",1
28 CP,1
3 BL. X 10 - RMS 102,6
3.5691.0001.001-1 an,1
30 CP,1
30 EST. X 1 AMP. X 1,3
30 EST. X 1 AMP. X 2,1
30 MU SOL INJ CT 1 S,1
300 - 100 ML,1
300 - 50 ML,1
300X50ML FR,1
31434-500G-R,1
"32,860,000",1
33209-2.5L,1
344/98 ARISTAB 10MG,1
344/98 ARISTAB 15MG,1
3569100010011 Anvisa,1
370 - 100 ML,1
370 - 50 ML,1
3738 - CENTRUM ADULT,1
3740-Biatain alginat,1
3780-Biatain alginat,1
3albe,1
4.300gr/5 litros,1
4.500.000 UI CX c/10,1
4.500.000 UI Cx c/10,2
40 EST. X 1 AMP. X 4,8
402850-500G - CALCIU,1
40MGSOL IN CT 10SER,1
440GRS,1
459844-1L,1
"46,5° INPM",1
4RIO QUIMICA,1
5 CAN 3 ML,2
5 LITROS,4
5 LTS,1
5 Lts,1
5 PCC SOL INJ CT FA,5
"5 REFIS COM 3,0 ML",1
5 litros,1
5 ref e ml,1
5 refil X3ML,1
5 tub 3 ml,2
5.000.000 UI PO INJ,1
5.000.000UI PO 50FA,1
5.000.000UI PO | CX,1
"5.000.000ui, Uso: In",1
50 BLISTERS COM 10 C,2
50 M,1
50-81-7  100 gr,1
50/1000 CX C/ 56,1
50/1000 MG CX C/ 60,2
50/1000 mg x 60,1
50/1000MG CX C/ 56,1
50/500MG CX C/ 56,1
50/MG (30ML)-AS/ANVI,1
500 CP,3
500 GRAMAS,2
500+100 CX COM 20,3
500GR,1
500GRS / MULTI USO,1
500gr,1
50BLT X 10CPR GEN\1.,1
50M G/MLSOLINJCT5AMP,1
"50carp. x 1,8ml - RM",1
5158-9,1
560102 - TRO EXTENSO,1
57.013.773/0001-20,1
5X2ML,4
6 BOLSAS PLAST X 100,1
6 BOLSAS PLAST. X 10,2
6 BOLSAS X 100ML - R,2
6 bolsas x 100ml - R,1
6/200mcg C/60caps+in,1
6/200mcg fr c/120dos,1
60 BIS. X 50G - RMS,2
"60,G",1
60.665.981/0001-18,1
600 CP,1
600102 - TRO SOLUSET,1
60356-1KG,1
60MGSOL INJ C/2SER P,1
60MGSOL INJ CT 2SER,1
69-52-3 FC/25 GR,1
69-52-3 FC/5 GR,1
6MKG C/30 CP - 1023,1
70 1L,1
70 1l,1
70 5L,1
70 INPM,1
70° 1 LITRO,1
70° LIQUIDO 1L,1
70º,1
70º - 1L,1
70º° INPM,1
71376-1KG,1
7153 - INELATTE ZERO,1
7393 - PEDIANUTRI ?,1
754242-1G,1
76-03-9 FC/500GR,1
7681-11-0  KG,1
77ºGl,1
80185570001/Bolsa 10,1
80MGSOL INJ C/10SER,1
81260-5KG,1
8177 - CHLORCLEAR,1
88316 - CHLORDERM,1
8916 - DUOSOL COM 2,1
"92,8 - 1000ML",1
"92,8 INPM - 1000ML",1
"92,8 INPM 5 LITROS",1
9508-02,1
95° 1000ML,1
960 CP,1
96° - 1 litro,1
: BAMIFIX 600MG 20 C,2
A0166-100G AMPICILLI,1
A12327.50MG,1
AAS 100MG,1
AAS PROTECT / RMS 17,1
ALCCOL 70 100ML ALMO,1
ALCLEAN 70 5L,1
ALCOL 70 1 LITRO,1
ALCOM,1
ALCOOL 1000ML,1
ALCOOL 1L,1
ALCOOL 70 100 ML ALM,1
ALCOOL 70 1000 ML AN,1
ALCOOL 70 1000ML,2
ALCOOL 70 1000ML ANT,1
ALCOOL 70 100ML,1
ALCOOL 70 100ML ALMO,4
ALCOOL 70 1L,4
ALCOOL 70 1L CX12UN,1
ALCOOL 70 GEL GL 5 L,1
ALCOOL 70 LIQUIDO,1
ALCOOL 70 LITRO,1
ALCOOL 70% 1 LITRO,1
ALCOOL 70% 1000ML,1
ALCOOL 70% 100ML,1
ALCOOL 70% 1L,5
ALCOOL 70% 1L C/12 L,1
ALCOOL 70% LIQ 1 L C,2
ALCOOL 70% LIQUIDO,1
ALCOOL 70% LIQUIDO 1,2
ALCOOL 70% LITRO,1
ALCOOL 70%/GEL 500ML,1
ALCOOL 70%/LIQ 01 L,1
ALCOOL 96 LITRO,1
ALCOOL 96° 1L,1
ALCOOL 96º FRASCO 1,1
ALCOOL EM GEL 70 1L,1
ALCOOL EM GEL 70 °,1
ALCOOL ETILICO 1L,1
ALCOOL ETILICO 5L,1
ALCOOL ETILICO LIQUI,3
ALCOOL GEL 500 ML,1
ALCOOL GEL 500ML,2
ALCOOL GEL 70 800G,1
ALCOOL GEL 70% 1L,1
ALCOOL GEL 70% 500ML,3
ALCOOL GEL 70% 5L,1
ALCOOL GEL 70º 500ML,1
ALCOOL GEL 70º 5L,1
ALCOOL GEL COM VALVU,1
ALCOOL LIQ 70% 01L,1
ALCOOL LIQ 70% 1L,2
ALCOOL LIQ 70% 500ML,1
ALCOOL LIQ. 1L,1
ALCOOL LIQUIDO,1
ALCOOL LIQUIDO 70 1L,1
ALCOOL LIQUIDO 70% -,1
ALCOOL LIQUIDO 70% 1,7
"ALCOOL LIQUIDO 92,8",1
ALCOOL LIQUIDO FLOPS,1
ALECENSA 150 MG CAP,1
ALECENSA 150MG,3
ALENIA - REGISTRO 1.,3
ALENIA 12/400 CAIXA,1
ALENIA 12/400 MCG 60,1
ALENIA 12/400MCG CA,1
ALENIA 6+200MCG \ AC,1
ALENIA 6/200MCG 60 C,1
ALENIA Registro Anvi,1
"ALENIA, FR 60 DOSES,",1
ALFAEPOETINA 1.000UI,1
ALFAEPOETINA 4.000UI,6
"ALFAST 0,544MG/ML",4
"ALFAST 0,544MG/ML  A",1
"ALFAST 0,544MG/ML 5M",3
"ALFAST 0,544MG/ML RM",1
"ALFAST 0,544MG/ML SO",5
"ALFAST 0,544MG/ML X",1
"ALFAST 0,544mg/mL -",5
"ALFAST 0,544mg/mL X",1
ALFAST 5ML - 1029801,2
ALFAST 5ML RMS 10298,4
ALFAST 5ML RMS: 1.02,2
ALFAST 5ML RMS: 1029,1
ALFAST 5ML-102980132,1
"ALFENTANILA 0,544 MG",2
ALGY FLANDERIL 300MG,1
ALKERAN 2 MG COM REV,1
ALKERAN 50MG INJETAV,1
"ALMOTOLIA
100ML",1
AT05765RA/ FRASCO 1,1
Ezetrol 10mg 30cpr,1
F & F DISTRIBUIDORA,3
F/A  apres.cx c/20 f,1
F/A 10ML CX COM 1,1
F/A 50ml/RMS: 1.0151,1
F/A COM 1ML / ANVISA,1
F/A COM 2ML /  ANVIS,1
F/A COM 2ML / ANVISA,1
F/A CX C/01,2
F/A/Registro M.S.: 1,1
F/A/Registro no M.S.,1
F/a 1 g CX c/10 f/a,1
F/a 1 g CX c/10f/a,1
F/a 1 g CX c/25f/a,1
F/a 1 g CX c/50 f/a,10
F/a 1 g CX c/50f/a,3
F/a 1 g Cx c/ 10 f/a,1
F/a 1 g Cx c/10f/a,1
F/a 1 g Cx c/25 f/a,1
F/a 1 g Cx c/50 f/a,4
F/a 1 g Cx c/50f/a,1
F/a 2 g CX c/10 f/a,2
F/a 2 g Cx c/10 f/a,1
F/a 500 mg CX c/10f/,1
F/a 500 mg Cx c/25f/,1
F/a 500mg CX c/25f/a,1
F/a 500mg Cx c/25 f/,2
F/a 500mg Cx c/25f/a,1
F/a 750 mg Cx c/50 f,1
F/a1g,1
FRA,2
FRA/AMP,3
FRACO/AMPOLA,1
"FRACONETE 0,4ML",1
FRAS,5
"FRASC C
/1000ML",1
"FRASC C
/100ML",2
"FRASC C
/15ML",1
"FRASC C
/20ML",1
FRASC C/1000ML,1
FRASC C/100ML,2
FRASC0 AMPOLA,1
FRASCO250ML SISTEMA,1
FRASCOAMPOLA,2
FRASCOQ,1
FRASCP- SISTEMA FECH,1
FRC,8
Mytedom,116
FRONTAL / MYLAN,1
FRONTAL 1MG 30CP,1
FRONTAL 2MG 30CP,1
"FRONTAL XR 0,5MG. c",1
FRONTAL XR 1MG. c /,1
FROTY`S,2
FRS,57
FRS - RMS 1057101540,1
FRS /AMP,2
FRS 100ML,1
FRS 1542302550065,1
FRS AMP,1
FRS C/ 60 COMP REV -,1
FRS COM 30 ML + CONT,1
FRS-AMP,1
FRS/ AMP,1
FRS/AMP,3
FRSC,1
FRSCO 50ML. RMS - 14,1
FTRASCO COM 1000 ML,1
Fra,1
Fraco 1 litro.,1
Frasco500ml,1
GEL - 500ML,3
GEL 430G,1
GEL 500 ML,1
GEL 70° LUAR,9
GEL 70° LUAR ANTISSE,1
GEL COM PHMB 100 ML,2
GEL/1000ML,1
GEL/500ML,1
GEL/5L,1
GELO PAN 450G - VETN,1
GELOPAN 450G/VETNIL,1
GELTRAT	RDC 199/06,1
ÁCIDO FÓLICO 5MG (CO,1
ÁCIDO VALPRÓICO 50ml,1
ÁCIDO ÁSCORBICO 1G,1
ÁCOOL GEL 500G,1
ÁCOOL LIQ. 1L,2
ÁGUA OXIGENADA 100ML,1
ÁLCOOL  ETÍLICO  1L,1
ÁLCOOL 1000ML,1
ÁLCOOL 100ML,1
ÁLCOOL 70 1000ML SAN,1
ÁLCOOL 70 100ML,1
ÁLCOOL 70 100ML ANTI,3
ÁLCOOL 70 GL -1 L ÁL,1
ÁLCOOL 70% 1000ML,1
ÁLCOOL 70° LIQUIDO/F,1
ÁLCOOL ETILICO LIQUI,1
ÁLCOOL ETÍLICO 1L,1
ÁLCOOL ETÍLICO 96°GL,1
ÁLCOOL ETÍLICO LIQUI,1
ÁLCOOL GEL  500ML,1
ÁLCOOL GEL 500ML,2
ÁLCOOL GEL 70% C/ 10,1
ÁLCOOL LIQ 1000ML,1
ÁLCOOL LIQUIDO 5L,1
ÁLCOOL LIQUIDO 70% 1,1
ÁLCOOL LIQUIDO 70° F,1
ÁLCOOL LÍQ 1L,1
ÁLCOOL LÍQUIDO 1 LIT,1
ÁLCOOL LÍQUIDO 1L,1
ÁLCOOL LÍQUIDO 70% -,1
Ácido Aminocapróico,1
Ácido Fólico 5mg/ml,2
Álccol liquido frasc,1
Álcool 46° ? Álcool,1
Álcool 70% 1L,1
Álcool 70º 5L,1
Álcool Etílico 70 1L,1
Álcool Etílico Líqui,1
Álcool Gel 500ml,1
Álcool Hidratado 70°,3
Álcool Liquido 70% F,1
Álcool com bicarbona,1
"Álcool em gel 500ml,",1
Álcool em gel 70% fr,1
Álcool etílico líqui,1
Álcool gel 70º 5L,1
Álcool líquido etíli,1
ÉGIDE 100 MG  COM RE,1
álcool 46 1 litro,1
álcool gel 500g,3
álcool gel 500g pump,1
álcool gel 500ml,3
álcool gel 800ml,2
álcool gel pump 500g,1
álcool líquido 92%,1
