id_execucao,executado_em,rotina,ano,mes,quinzena,periodo_label,tabela,contagem_antes,contagem_depois,delta,diretorio_data_package,observacao
historico_2025_baseline,,baseline,2025,,,baseline,contratante,,8295,,,
historico_2025_01_QUINZENA_1_carga_dados,,carga_dados,2025,1,QUINZENA-1,2025-01/QUINZENA-1,contratante,8295,8346,51,,(+51)
historico_2025_01_QUINZENA_2_carga_dados,,carga_dados,2025,1,QUINZENA-2,2025-01/QUINZENA-2,contratante,8346,8491,145,,
historico_2025_02_QUINZENA_1_carga_dados,,carga_dados,2025,2,QUINZENA-1,2025-02/QUINZENA-1,contratante,8491,8637,146,,
historico_2025_02_QUINZENA_2_carga_dados,,carga_dados,2025,2,QUINZENA-2,2025-02/QUINZENA-2,contratante,8637,8820,183,,
historico_2025_03_QUINZENA_1_carga_dados,,carga_dados,2025,3,QUINZENA-1,2025-03/QUINZENA-1,contratante,8820,8962,142,,
historico_2025_03_QUINZENA_2_carga_dados,,carga_dados,2025,3,QUINZENA-2,2025-03/QUINZENA-2,contratante,8962,9249,287,,
historico_2025_04_QUINZENA_1_carga_dados,,carga_dados,2025,4,QUINZENA-1,2025-04/QUINZENA-1,contratante,9249,9493,244,,
historico_2025_04_QUINZENA_2_carga_dados,,carga_dados,2025,4,QUINZENA-2,2025-04/QUINZENA-2,contratante,9493,9663,170,,
historico_2025_05_QUINZENA_1_carga_dados,,carga_dados,2025,5,QUINZENA-1,2025-05/QUINZENA-1,contratante,9663,9838,175,,
historico_2025_05_QUINZENA_2_carga_dados,,carga_dados,2025,5,QUINZENA-2,2025-05/QUINZENA-2,contratante,9838,10044,206,,
historico_2025_06_QUINZENA_1_carga_dados,,carga_dados,2025,6,QUINZENA-1,2025-06/QUINZENA-1,contratante,10044,10229,185,,
historico_2025_06_QUINZENA_2_carga_dados,,carga_dados,2025,6,QUINZENA-2,2025-06/QUINZENA-2,contratante,10229,10472,243,,
historico_2025_07_QUINZENA_1_carga_dados,,carga_dados,2025,7,QUINZENA-1,2025-07/QUINZENA-1,contratante,10472,10553,81,,
historico_2025_07_QUINZENA_2_carga_dados,,carga_dados,2025,7,QUINZENA-2,2025-07/QUINZENA-2,contratante,10553,10732,179,,
historico_2025_08_QUINZENA_1_carga_dados,,carga_dados,2025,8,QUINZENA-1,2025-08/QUINZENA-1,contratante,10732,10914,182,,
historico_2025_08_QUINZENA_2_carga_dados,,carga_dados,2025,8,QUINZENA-2,2025-08/QUINZENA-2,contratante,10914,11054,140,,
historico_2025_09_QUINZENA_1_carga_dados,,carga_dados,2025,9,QUINZENA-1,2025-09/QUINZENA-1,contratante,11054,11226,172,,
historico_2025_09_QUINZENA_2_carga_dados,,carga_dados,2025,9,QUINZENA-2,2025-09/QUINZENA-2,contratante,11226,11445,219,,
historico_2025_10_QUINZENA_1_carga_dados,,carga_dados,2025,10,QUINZENA-1,2025-10/QUINZENA-1,contratante,11445,11550,105,,
historico_2025_10_QUINZENA_2_carga_dados,,carga_dados,2025,10,QUINZENA-2,2025-10/QUINZENA-2,contratante,11550,11668,118,,
historico_2025_11_QUINZENA_1_carga_dados,,carga_dados,2025,11,QUINZENA-1,2025-11/QUINZENA-1,contratante,11668,11822,154,,
historico_2025_11_QUINZENA_2_carga_dados,,carga_dados,2025,11,QUINZENA-2,2025-11/QUINZENA-2,contratante,11822,11935,113,,
historico_2025_12_QUINZENA_1_carga_dados,,carga_dados,2025,12,QUINZENA-1,2025-12/QUINZENA-1,contratante,11935,12066,131,,
historico_2025_12_QUINZENA_2_carga_dados,,carga_dados,2025,12,QUINZENA-2,2025-12/QUINZENA-2,contratante,12066,12190,124,,
historico_2026_01_QUINZENA_1_carga_dados,,carga_dados,2026,1,QUINZENA-1,2026-01/QUINZENA-1,contratante,12190,12257,67,,
historico_2026_01_QUINZENA_2_carga_dados,,carga_dados,2026,1,QUINZENA-2,2026-01/QUINZENA-2,contratante,12257,12320,63,,
historico_2026_02_QUINZENA_1_carga_dados,,carga_dados,2026,2,QUINZENA-1,2026-02/QUINZENA-1,contratante,12320,12417,97,,
historico_2026_02_QUINZENA_2_carga_dados,,carga_dados,2026,2,QUINZENA-2,2026-02/QUINZENA-2,contratante,12417,12497,80,,
historico_2026_03_QUINZENA_1_carga_dados,,carga_dados,2026,3,QUINZENA-1,2026-03/QUINZENA-1,contratante,12497,12588,91,,
historico_2026_03_QUINZENA_2_carga_dados,,carga_dados,2026,3,QUINZENA-2,2026-03/QUINZENA-2,contratante,12588,12783,195,,
historico_2025_baseline,,baseline,2025,,,baseline,fornecedor,,6135,,,
historico_2025_01_QUINZENA_1_carga_dados,,carga_dados,2025,1,QUINZENA-1,2025-01/QUINZENA-1,fornecedor,6135,6313,178,,
historico_2025_01_QUINZENA_2_carga_dados,,carga_dados,2025,1,QUINZENA-2,2025-01/QUINZENA-2,fornecedor,6313,6498,185,,
historico_2025_02_QUINZENA_1_carga_dados,,carga_dados,2025,2,QUINZENA-1,2025-02/QUINZENA-1,fornecedor,6498,6673,175,,
historico_2025_02_QUINZENA_2_carga_dados,,carga_dados,2025,2,QUINZENA-2,2025-02/QUINZENA-2,fornecedor,6673,6874,201,,
historico_2025_03_QUINZENA_1_carga_dados,,carga_dados,2025,3,QUINZENA-1,2025-03/QUINZENA-1,fornecedor,6874,7076,202,,
historico_2025_03_QUINZENA_2_carga_dados,,carga_dados,2025,3,QUINZENA-2,2025-03/QUINZENA-2,fornecedor,7076,7426,350,,
historico_2025_04_QUINZENA_1_carga_dados,,carga_dados,2025,4,QUINZENA-1,2025-04/QUINZENA-1,fornecedor,7426,7651,225,,
historico_2025_04_QUINZENA_2_carga_dados,,carga_dados,2025,4,QUINZENA-2,2025-04/QUINZENA-2,fornecedor,7651,7800,149,,
historico_2025_05_QUINZENA_1_carga_dados,,carga_dados,2025,5,QUINZENA-1,2025-05/QUINZENA-1,fornecedor,7800,7968,168,,
historico_2025_05_QUINZENA_2_carga_dados,,carga_dados,2025,5,QUINZENA-2,2025-05/QUINZENA-2,fornecedor,7968,8149,181,,
historico_2025_06_QUINZENA_1_carga_dados,,carga_dados,2025,6,QUINZENA-1,2025-06/QUINZENA-1,fornecedor,8149,8340,191,,
historico_2025_06_QUINZENA_2_carga_dados,,carga_dados,2025,6,QUINZENA-2,2025-06/QUINZENA-2,fornecedor,8340,8505,165,,
historico_2025_07_QUINZENA_1_carga_dados,,carga_dados,2025,7,QUINZENA-1,2025-07/QUINZENA-1,fornecedor,8505,8569,64,,
historico_2025_07_QUINZENA_2_carga_dados,,carga_dados,2025,7,QUINZENA-2,2025-07/QUINZENA-2,fornecedor,8569,8744,175,,
historico_2025_08_QUINZENA_1_carga_dados,,carga_dados,2025,8,QUINZENA-1,2025-08/QUINZENA-1,fornecedor,8744,8897,153,,
historico_2025_08_QUINZENA_2_carga_dados,,carga_dados,2025,8,QUINZENA-2,2025-08/QUINZENA-2,fornecedor,8897,9043,146,,
historico_2025_09_QUINZENA_1_recoleta_resultados,,recoleta_resultados,2025,9,QUINZENA-1,2025-09/QUINZENA-1,fornecedor,9043,9155,112,,recoleta itens homologados
historico_2025_09_QUINZENA_2_recoleta_resultados,,recoleta_resultados,2025,9,QUINZENA-2,2025-09/QUINZENA-2,fornecedor,9155,9172,17,,recoleta itens homologados
historico_2025_09_QUINZENA_1_carga_dados,,carga_dados,2025,9,QUINZENA-1,2025-09/QUINZENA-1,fornecedor,9172,9312,140,,
historico_2025_09_QUINZENA_2_carga_dados,,carga_dados,2025,9,QUINZENA-2,2025-09/QUINZENA-2,fornecedor,9312,9486,174,,
historico_2025_10_QUINZENA_1_recoleta_resultados,,recoleta_resultados,2025,10,QUINZENA-1,2025-10/QUINZENA-1,fornecedor,9486,9715,229,,Recoleta itens homologados
historico_2025_10_QUINZENA_1_carga_dados,,carga_dados,2025,10,QUINZENA-1,2025-10/QUINZENA-1,fornecedor,9715,9810,95,,
historico_2025_10_QUINZENA_2_carga_dados,,carga_dados,2025,10,QUINZENA-2,2025-10/QUINZENA-2,fornecedor,9810,9904,94,,
historico_2025_11_QUINZENA_1_carga_dados,,carga_dados,2025,11,QUINZENA-1,2025-11/QUINZENA-1,fornecedor,9904,10015,111,,
historico_2025_11_QUINZENA_2_carga_dados,,carga_dados,2025,11,QUINZENA-2,2025-11/QUINZENA-2,fornecedor,10015,10136,121,,
historico_2025_12_QUINZENA_1_carga_dados,,carga_dados,2025,12,QUINZENA-1,2025-12/QUINZENA-1,fornecedor,10136,10284,148,,
historico_2025_12_QUINZENA_2_carga_dados,,carga_dados,2025,12,QUINZENA-2,2025-12/QUINZENA-2,fornecedor,10284,10400,116,,
historico_2026_01_QUINZENA_1_carga_dados,,carga_dados,2026,1,QUINZENA-1,2026-01/QUINZENA-1,fornecedor,10400,10437,37,,
historico_2026_01_QUINZENA_2_carga_dados,,carga_dados,2026,1,QUINZENA-2,2026-01/QUINZENA-2,fornecedor,10437,10489,52,,
historico_2026_02_QUINZENA_1_carga_dados,,carga_dados,2026,2,QUINZENA-1,2026-02/QUINZENA-1,fornecedor,10489,10590,101,,
historico_2026_02_QUINZENA_2_carga_dados,,carga_dados,2026,2,QUINZENA-2,2026-02/QUINZENA-2,fornecedor,10590,10680,90,,
historico_2026_03_QUINZENA_1_carga_dados,,carga_dados,2026,3,QUINZENA-1,2026-03/QUINZENA-1,fornecedor,10680,10793,113,,
historico_2026_03_QUINZENA_2_carga_dados,,carga_dados,2026,3,QUINZENA-2,2026-03/QUINZENA-2,fornecedor,10793,10962,169,,
historico_2025_baseline,,baseline,2025,,,baseline,contratacao,,46652,,,
historico_2025_01_QUINZENA_1_carga_dados,,carga_dados,2025,1,QUINZENA-1,2025-01/QUINZENA-1,contratacao,46652,47141,489,,
historico_2025_01_QUINZENA_2_carga_dados,,carga_dados,2025,1,QUINZENA-2,2025-01/QUINZENA-2,contratacao,47141,48186,1045,,
historico_2025_02_QUINZENA_1_carga_dados,,carga_dados,2025,2,QUINZENA-1,2025-02/QUINZENA-1,contratacao,48186,49658,1472,,
historico_2025_02_QUINZENA_2_carga_dados,,carga_dados,2025,2,QUINZENA-2,2025-02/QUINZENA-2,contratacao,49658,51311,1653,,
historico_2025_03_QUINZENA_1_carga_dados,,carga_dados,2025,3,QUINZENA-1,2025-03/QUINZENA-1,contratacao,51311,52456,1145,,
historico_2025_03_QUINZENA_2_carga_dados,,carga_dados,2025,3,QUINZENA-2,2025-03/QUINZENA-2,contratacao,52456,55183,2727,,
historico_2025_04_QUINZENA_1_carga_dados,,carga_dados,2025,4,QUINZENA-1,2025-04/QUINZENA-1,contratacao,55183,57317,2134,,
historico_2025_04_QUINZENA_2_carga_dados,,carga_dados,2025,4,QUINZENA-2,2025-04/QUINZENA-2,contratacao,57317,58843,1526,,
historico_2025_05_QUINZENA_1_carga_dados,,carga_dados,2025,5,QUINZENA-1,2025-05/QUINZENA-1,contratacao,58843,60536,1693,,
historico_2025_05_QUINZENA_2_carga_dados,,carga_dados,2025,5,QUINZENA-2,2025-05/QUINZENA-2,contratacao,60536,62611,2075,,
historico_2025_06_QUINZENA_1_carga_dados,,carga_dados,2025,6,QUINZENA-1,2025-06/QUINZENA-1,contratacao,62611,64666,2055,,
historico_2025_06_QUINZENA_2_carga_dados,,carga_dados,2025,6,QUINZENA-2,2025-06/QUINZENA-2,contratacao,64666,67373,2707,,
historico_2025_07_QUINZENA_1_carga_dados,,carga_dados,2025,7,QUINZENA-1,2025-07/QUINZENA-1,contratacao,67373,68221,848,,
historico_2025_07_QUINZENA_2_carga_dados,,carga_dados,2025,7,QUINZENA-2,2025-07/QUINZENA-2,contratacao,68221,70297,2076,,
historico_2025_08_QUINZENA_1_carga_dados,,carga_dados,2025,8,QUINZENA-1,2025-08/QUINZENA-1,contratacao,70297,72082,1785,,
historico_2025_08_QUINZENA_2_carga_dados,,carga_dados,2025,8,QUINZENA-2,2025-08/QUINZENA-2,contratacao,72082,73808,1726,,
historico_2025_09_QUINZENA_1_carga_dados,,carga_dados,2025,9,QUINZENA-1,2025-09/QUINZENA-1,contratacao,73808,76326,2518,,
historico_2025_09_QUINZENA_2_carga_dados,,carga_dados,2025,9,QUINZENA-2,2025-09/QUINZENA-2,contratacao,76326,79778,3452,,
historico_2025_10_QUINZENA_1_carga_dados,,carga_dados,2025,10,QUINZENA-1,2025-10/QUINZENA-1,contratacao,79778,81256,1478,,
historico_2025_10_QUINZENA_2_carga_dados,,carga_dados,2025,10,QUINZENA-2,2025-10/QUINZENA-2,contratacao,81256,82723,1467,,
historico_2025_11_QUINZENA_1_carga_dados,,carga_dados,2025,11,QUINZENA-1,2025-11/QUINZENA-1,contratacao,82723,84317,1594,,
historico_2025_11_QUINZENA_2_carga_dados,,carga_dados,2025,11,QUINZENA-2,2025-11/QUINZENA-2,contratacao,84317,85890,1573,,
historico_2025_12_QUINZENA_1_carga_dados,,carga_dados,2025,12,QUINZENA-1,2025-12/QUINZENA-1,contratacao,85890,87771,1881,,
historico_2025_12_QUINZENA_2_carga_dados,,carga_dados,2025,12,QUINZENA-2,2025-12/QUINZENA-2,contratacao,87771,89922,2151,,
historico_2026_01_QUINZENA_1_carga_dados,,carga_dados,2026,1,QUINZENA-1,2026-01/QUINZENA-1,contratacao,89922,90837,915,,
historico_2026_01_QUINZENA_2_carga_dados,,carga_dados,2026,1,QUINZENA-2,2026-01/QUINZENA-2,contratacao,90837,91577,740,,
historico_2026_02_QUINZENA_1_carga_dados,,carga_dados,2026,2,QUINZENA-1,2026-02/QUINZENA-1,contratacao,91577,92566,989,,
historico_2026_02_QUINZENA_2_carga_dados,,carga_dados,2026,2,QUINZENA-2,2026-02/QUINZENA-2,contratacao,92566,93556,990,,
historico_2026_03_QUINZENA_1_carga_dados,,carga_dados,2026,3,QUINZENA-1,2026-03/QUINZENA-1,contratacao,93556,94943,1387,,
historico_2026_03_QUINZENA_2_carga_dados,,carga_dados,2026,3,QUINZENA-2,2026-03/QUINZENA-2,contratacao,94943,97193,2250,,
historico_2025_baseline,,baseline,2025,,,baseline,item_homologado,,88709,,,
historico_2025_01_QUINZENA_1_carga_dados,,carga_dados,2025,1,QUINZENA-1,2025-01/QUINZENA-1,item_homologado,88709,89567,858,,
historico_2025_01_QUINZENA_2_carga_dados,,carga_dados,2025,1,QUINZENA-2,2025-01/QUINZENA-2,item_homologado,89567,90861,1294,,
historico_2025_02_QUINZENA_1_carga_dados,,carga_dados,2025,2,QUINZENA-1,2025-02/QUINZENA-1,item_homologado,90861,93201,2340,,
historico_2025_02_QUINZENA_2_carga_dados,,carga_dados,2025,2,QUINZENA-2,2025-02/QUINZENA-2,item_homologado,93201,95637,2436,,
historico_2025_03_QUINZENA_1_carga_dados,,carga_dados,2025,3,QUINZENA-1,2025-03/QUINZENA-1,item_homologado,95637,97318,1681,,
historico_2025_03_QUINZENA_2_carga_dados,,carga_dados,2025,3,QUINZENA-2,2025-03/QUINZENA-2,item_homologado,97318,101836,4518,,
historico_2025_04_QUINZENA_1_carga_dados,,carga_dados,2025,4,QUINZENA-1,2025-04/QUINZENA-1,item_homologado,101836,106069,4233,,
historico_2025_04_QUINZENA_2_carga_dados,,carga_dados,2025,4,QUINZENA-2,2025-04/QUINZENA-2,item_homologado,106069,109259,3190,,
historico_2025_05_QUINZENA_1_carga_dados,,carga_dados,2025,5,QUINZENA-1,2025-05/QUINZENA-1,item_homologado,109259,112949,3690,,
historico_2025_05_QUINZENA_2_carga_dados,,carga_dados,2025,5,QUINZENA-2,2025-05/QUINZENA-2,item_homologado,112949,117125,4176,,
historico_2025_06_QUINZENA_1_carga_dados,,carga_dados,2025,6,QUINZENA-1,2025-06/QUINZENA-1,item_homologado,117125,120774,3649,,
historico_2025_06_QUINZENA_2_carga_dados,,carga_dados,2025,6,QUINZENA-2,2025-06/QUINZENA-2,item_homologado,120774,124794,4020,,
historico_2025_07_QUINZENA_1_carga_dados,,carga_dados,2025,7,QUINZENA-1,2025-07/QUINZENA-1,item_homologado,124794,127249,2455,,
historico_2025_07_QUINZENA_2_carga_dados,,carga_dados,2025,7,QUINZENA-2,2025-07/QUINZENA-2,item_homologado,127249,131383,4134,,
historico_2025_08_QUINZENA_1_carga_dados,,carga_dados,2025,8,QUINZENA-1,2025-08/QUINZENA-1,item_homologado,131383,135053,3670,,
historico_2025_08_QUINZENA_2_carga_dados,,carga_dados,2025,8,QUINZENA-2,2025-08/QUINZENA-2,item_homologado,135053,139164,4111,,
historico_2025_09_QUINZENA_1_recoleta_resultados,,recoleta_resultados,2025,9,QUINZENA-1,2025-09/QUINZENA-1,item_homologado,139164,142919,3755,,recoleta itens homologados
historico_2025_09_QUINZENA_2_recoleta_resultados,,recoleta_resultados,2025,9,QUINZENA-2,2025-09/QUINZENA-2,item_homologado,142919,143344,425,,recoleta itens homologados
historico_2025_09_QUINZENA_1_carga_dados,,carga_dados,2025,9,QUINZENA-1,2025-09/QUINZENA-1,item_homologado,143344,146556,3212,,
historico_2025_09_QUINZENA_2_carga_dados,,carga_dados,2025,9,QUINZENA-2,2025-09/QUINZENA-2,item_homologado,146556,150930,4374,,
historico_2025_10_QUINZENA_1_carga_dados,,carga_dados,2025,10,QUINZENA-1,2025-10/QUINZENA-1,item_homologado,150930,161400,10470,,
historico_2025_10_QUINZENA_2_carga_dados,,carga_dados,2025,10,QUINZENA-2,2025-10/QUINZENA-2,item_homologado,161400,162289,889,,
historico_2025_11_QUINZENA_1_carga_dados,,carga_dados,2025,11,QUINZENA-1,2025-11/QUINZENA-1,item_homologado,162289,164979,2690,,
historico_2025_11_QUINZENA_2_carga_dados,,carga_dados,2025,11,QUINZENA-2,2025-11/QUINZENA-2,item_homologado,164979,168170,3191,,
historico_2025_12_QUINZENA_1_carga_dados,,carga_dados,2025,12,QUINZENA-1,2025-12/QUINZENA-1,item_homologado,168170,172282,4112,,
historico_2025_12_QUINZENA_2_carga_dados,,carga_dados,2025,12,QUINZENA-2,2025-12/QUINZENA-2,item_homologado,172282,175634,3352,,
historico_2026_01_QUINZENA_1_carga_dados,,carga_dados,2026,1,QUINZENA-1,2026-01/QUINZENA-1,item_homologado,175634,177191,1557,,
historico_2026_01_QUINZENA_2_carga_dados,,carga_dados,2026,1,QUINZENA-2,2026-01/QUINZENA-2,item_homologado,177191,179079,1888,,
historico_2026_02_QUINZENA_1_carga_dados,,carga_dados,2026,2,QUINZENA-1,2026-02/QUINZENA-1,item_homologado,179079,181580,2501,,
historico_2026_02_QUINZENA_2_carga_dados,,carga_dados,2026,2,QUINZENA-2,2026-02/QUINZENA-2,item_homologado,181580,184138,2558,,
historico_2026_03_QUINZENA_1_carga_dados,,carga_dados,2026,3,QUINZENA-1,2026-03/QUINZENA-1,item_homologado,184138,187257,3119,,
historico_2026_03_QUINZENA_2_carga_dados,,carga_dados,2026,3,QUINZENA-2,2026-03/QUINZENA-2,item_homologado,187257,191947,4690,,
historico_2025_baseline,,baseline,2025,,,baseline,item_licitado,,73683,,,
historico_2025_01_QUINZENA_1_carga_dados,,carga_dados,2025,1,QUINZENA-1,2025-01/QUINZENA-1,item_licitado,73683,74760,1077,,
historico_2025_01_QUINZENA_2_carga_dados,,carga_dados,2025,1,QUINZENA-2,2025-01/QUINZENA-2,item_licitado,74760,75628,868,,"77.202 (4 registros inconsistentes, verificar motivo)"
historico_2025_02_QUINZENA_1_carga_dados,,carga_dados,2025,2,QUINZENA-1,2025-02/QUINZENA-1,item_licitado,75628,80162,4534,,
historico_2025_02_QUINZENA_2_carga_dados,,carga_dados,2025,2,QUINZENA-2,2025-02/QUINZENA-2,item_licitado,80162,83869,3707,,
historico_2025_03_QUINZENA_1_carga_dados,,carga_dados,2025,3,QUINZENA-1,2025-03/QUINZENA-1,item_licitado,83869,86726,2857,,
historico_2025_03_QUINZENA_2_carga_dados,,carga_dados,2025,3,QUINZENA-2,2025-03/QUINZENA-2,item_licitado,86726,92580,5854,,
historico_2025_04_QUINZENA_1_carga_dados,,carga_dados,2025,4,QUINZENA-1,2025-04/QUINZENA-1,item_licitado,92580,96275,3695,,
historico_2025_04_QUINZENA_2_carga_dados,,carga_dados,2025,4,QUINZENA-2,2025-04/QUINZENA-2,item_licitado,96275,99237,2962,,
historico_2025_05_QUINZENA_1_carga_dados,,carga_dados,2025,5,QUINZENA-1,2025-05/QUINZENA-1,item_licitado,99237,102737,3500,,
historico_2025_05_QUINZENA_2_carga_dados,,carga_dados,2025,5,QUINZENA-2,2025-05/QUINZENA-2,item_licitado,102737,107414,4677,,
historico_2025_06_QUINZENA_1_carga_dados,,carga_dados,2025,6,QUINZENA-1,2025-06/QUINZENA-1,item_licitado,107414,112656,5242,,
historico_2025_06_QUINZENA_2_carga_dados,,carga_dados,2025,6,QUINZENA-2,2025-06/QUINZENA-2,item_licitado,112656,119635,6979,,
historico_2025_07_QUINZENA_1_carga_dados,,carga_dados,2025,7,QUINZENA-1,2025-07/QUINZENA-1,item_licitado,119635,122751,3116,,
historico_2025_07_QUINZENA_1_carga_dados,,carga_dados,2025,7,QUINZENA-1,2025-07/QUINZENA-1,item_licitado,122751,128029,5278,,
historico_2025_08_QUINZENA_1_carga_dados,,carga_dados,2025,8,QUINZENA-1,2025-08/QUINZENA-1,item_licitado,128029,131884,3855,,
historico_2025_08_QUINZENA_2_carga_dados,,carga_dados,2025,8,QUINZENA-2,2025-08/QUINZENA-2,item_licitado,131884,133247,1363,,
historico_2025_09_QUINZENA_1_recoleta_resultados,,recoleta_resultados,2025,9,QUINZENA-1,2025-09/QUINZENA-1,item_licitado,133247,118704,-14543,,recoleta itens homologados
historico_2025_09_QUINZENA_2_recoleta_resultados,,recoleta_resultados,2025,9,QUINZENA-2,2025-09/QUINZENA-2,item_licitado,118704,118279,-425,,recoleta itens homologados
historico_2025_09_QUINZENA_1_carga_dados,,carga_dados,2025,9,QUINZENA-1,2025-09/QUINZENA-1,item_licitado,118279,124329,6050,,
historico_2025_09_QUINZENA_2_carga_dados,,carga_dados,2025,9,QUINZENA-2,2025-09/QUINZENA-2,item_licitado,124329,133758,9429,,
historico_2025_10_QUINZENA_1_carga_dados,,carga_dados,2025,10,QUINZENA-1,2025-10/QUINZENA-1,item_licitado,133758,137383,3625,,
historico_2025_10_QUINZENA_2_carga_dados,,carga_dados,2025,10,QUINZENA-2,2025-10/QUINZENA-2,item_licitado,137383,140167,2784,,
historico_2025_11_QUINZENA_1_carga_dados,,carga_dados,2025,11,QUINZENA-1,2025-11/QUINZENA-1,item_licitado,140167,143188,3021,,
historico_2025_11_QUINZENA_2_carga_dados,,carga_dados,2025,11,QUINZENA-2,2025-11/QUINZENA-2,item_licitado,143188,146321,3133,,
historico_2025_12_QUINZENA_1_carga_dados,,carga_dados,2025,12,QUINZENA-1,2025-12/QUINZENA-1,item_licitado,146321,139789,-6532,,
historico_2025_12_QUINZENA_2_carga_dados,,carga_dados,2025,12,QUINZENA-2,2025-12/QUINZENA-2,item_licitado,139789,144217,4428,,
historico_2026_01_QUINZENA_1_carga_dados,,carga_dados,2026,1,QUINZENA-1,2026-01/QUINZENA-1,item_licitado,144217,146385,2168,,
historico_2026_01_QUINZENA_2_carga_dados,,carga_dados,2026,1,QUINZENA-2,2026-01/QUINZENA-2,item_licitado,146385,149113,2728,,
historico_2026_02_QUINZENA_1_carga_dados,,carga_dados,2026,2,QUINZENA-1,2026-02/QUINZENA-1,item_licitado,149113,151055,1942,,
historico_2026_02_QUINZENA_2_carga_dados,,carga_dados,2026,2,QUINZENA-2,2026-02/QUINZENA-2,item_licitado,151055,152780,1725,,
historico_2026_03_QUINZENA_1_carga_dados,,carga_dados,2026,3,QUINZENA-1,2026-03/QUINZENA-1,item_licitado,152780,155295,2515,,
historico_2026_03_QUINZENA_2_carga_dados,,carga_dados,2026,3,QUINZENA-2,2026-03/QUINZENA-2,item_licitado,155295,159744,4449,,
2026_05_06_16_31_13_0300_carga_dados_2026_04_QUINZENA_1,2026-05-06 16:31:13 -0300,carga_dados,2026,4,QUINZENA-1,2026-04/QUINZENA-1,contratante,12783,12955,172,coleta/data-package/2026/4 - Abril/QUINZENA-1/DATA,
2026_05_06_16_31_13_0300_carga_dados_2026_04_QUINZENA_1,2026-05-06 16:31:13 -0300,carga_dados,2026,4,QUINZENA-1,2026-04/QUINZENA-1,fornecedor,10962,11094,132,coleta/data-package/2026/4 - Abril/QUINZENA-1/DATA,
2026_05_06_16_31_13_0300_carga_dados_2026_04_QUINZENA_1,2026-05-06 16:31:13 -0300,carga_dados,2026,4,QUINZENA-1,2026-04/QUINZENA-1,contratacao,97193,99331,2138,coleta/data-package/2026/4 - Abril/QUINZENA-1/DATA,
2026_05_06_16_31_13_0300_carga_dados_2026_04_QUINZENA_1,2026-05-06 16:31:13 -0300,carga_dados,2026,4,QUINZENA-1,2026-04/QUINZENA-1,item_homologado,191947,196140,4193,coleta/data-package/2026/4 - Abril/QUINZENA-1/DATA,
2026_05_06_16_31_13_0300_carga_dados_2026_04_QUINZENA_1,2026-05-06 16:31:13 -0300,carga_dados,2026,4,QUINZENA-1,2026-04/QUINZENA-1,item_licitado,159744,164289,4545,coleta/data-package/2026/4 - Abril/QUINZENA-1/DATA,
2026_05_24_06_39_02_0300_carga_dados_2026_04_QUINZENA_2,2026-05-24 06:39:02 -0300,carga_dados,2026,4,QUINZENA-2,2026-04/QUINZENA-2,contratante,12955,13042,87,coleta/data-package/2026/4 - Abril/QUINZENA-2/DATA,
2026_05_24_06_39_02_0300_carga_dados_2026_04_QUINZENA_2,2026-05-24 06:39:02 -0300,carga_dados,2026,4,QUINZENA-2,2026-04/QUINZENA-2,fornecedor,11094,11173,79,coleta/data-package/2026/4 - Abril/QUINZENA-2/DATA,
2026_05_24_06_39_02_0300_carga_dados_2026_04_QUINZENA_2,2026-05-24 06:39:02 -0300,carga_dados,2026,4,QUINZENA-2,2026-04/QUINZENA-2,contratacao,99331,100397,1066,coleta/data-package/2026/4 - Abril/QUINZENA-2/DATA,
2026_05_24_06_39_02_0300_carga_dados_2026_04_QUINZENA_2,2026-05-24 06:39:02 -0300,carga_dados,2026,4,QUINZENA-2,2026-04/QUINZENA-2,item_homologado,196140,198309,2169,coleta/data-package/2026/4 - Abril/QUINZENA-2/DATA,
2026_05_24_06_39_02_0300_carga_dados_2026_04_QUINZENA_2,2026-05-24 06:39:02 -0300,carga_dados,2026,4,QUINZENA-2,2026-04/QUINZENA-2,item_licitado,164289,166408,2119,coleta/data-package/2026/4 - Abril/QUINZENA-2/DATA,
2026_05_25_03_42_19_0300_carga_dados_2026_04_QUINZENA_2,2026-05-25 03:42:19 -0300,carga_dados,2026,4,QUINZENA-2,2026-04/QUINZENA-2,contratante,13042,13126,84,coleta/data-package/2026/4 - Abril/QUINZENA-2/DATA,
2026_05_25_03_42_19_0300_carga_dados_2026_04_QUINZENA_2,2026-05-25 03:42:19 -0300,carga_dados,2026,4,QUINZENA-2,2026-04/QUINZENA-2,fornecedor,11173,11229,56,coleta/data-package/2026/4 - Abril/QUINZENA-2/DATA,
2026_05_25_03_42_19_0300_carga_dados_2026_04_QUINZENA_2,2026-05-25 03:42:19 -0300,carga_dados,2026,4,QUINZENA-2,2026-04/QUINZENA-2,contratacao,100397,101387,990,coleta/data-package/2026/4 - Abril/QUINZENA-2/DATA,
2026_05_25_03_42_19_0300_carga_dados_2026_04_QUINZENA_2,2026-05-25 03:42:19 -0300,carga_dados,2026,4,QUINZENA-2,2026-04/QUINZENA-2,item_homologado,198309,200205,1896,coleta/data-package/2026/4 - Abril/QUINZENA-2/DATA,
2026_05_25_03_42_19_0300_carga_dados_2026_04_QUINZENA_2,2026-05-25 03:42:19 -0300,carga_dados,2026,4,QUINZENA-2,2026-04/QUINZENA-2,item_licitado,166408,168360,1952,coleta/data-package/2026/4 - Abril/QUINZENA-2/DATA,
2026_09_01_10_56_42_0300_carga_dados_2026_5_Maio_DIA_01_ATE_05_DATA,2026-09-01 10:56:42 -0300,carga_dados,2026,5,DIA-01-ATE-05,2026/5 - Maio/DIA-01-ATE-05,contratante,13126,13151,25,coleta/data-package/2026/5 - Maio/DIA-01-ATE-05/DATA,inserção feita manualmente
2026_09_01_10_56_42_0300_carga_dados_2026_5_Maio_DIA_01_ATE_05_DATA,2026-09-01 10:56:42 -0300,carga_dados,2026,5,DIA-01-ATE-05,2026/5 - Maio/DIA-01-ATE-05,fornecedor,11229,11259,30,coleta/data-package/2026/5 - Maio/DIA-01-ATE-05/DATA,inserção feita manualmente
2026_09_01_10_56_42_0300_carga_dados_2026_5_Maio_DIA_01_ATE_05_DATA,2026-09-01 10:56:42 -0300,carga_dados,2026,5,DIA-01-ATE-05,2026/5 - Maio/DIA-01-ATE-05,contratacao,101387,101662,275,coleta/data-package/2026/5 - Maio/DIA-01-ATE-05/DATA,inserção feita manualmente
2026_09_01_10_56_42_0300_carga_dados_2026_5_Maio_DIA_01_ATE_05_DATA,2026-09-01 10:56:42 -0300,carga_dados,2026,5,DIA-01-ATE-05,2026/5 - Maio/DIA-01-ATE-05,item_homologado,200205,200967,762,coleta/data-package/2026/5 - Maio/DIA-01-ATE-05/DATA,inserção feita manualmente
2026_09_01_10_56_42_0300_carga_dados_2026_5_Maio_DIA_01_ATE_05_DATA,2026-09-01 10:56:42 -0300,carga_dados,2026,5,DIA-01-ATE-05,2026/5 - Maio/DIA-01-ATE-05,item_licitado,168360,168778,418,coleta/data-package/2026/5 - Maio/DIA-01-ATE-05/DATA,inserção feita manualmente
2026_09_01_14_33_30_0300_carga_dados_2026_5_Maio_DIA_16_ATE_31_DATA,2026-09-01 14:33:30 -0300,carga_dados,2026,5,DIA-16-ATE-31,2026/5 - Maio/DIA-16-ATE-31/DATA,contratante,13232,13327,95,coleta/data-package/2026/5 - Maio/DIA-16-ATE-31/DATA,Inserção feita manualmente
2026_09_01_14_33_30_0300_carga_dados_2026_5_Maio_DIA_16_ATE_31_DATA,2026-09-01 14:33:30 -0300,carga_dados,2026,5,DIA-16-ATE-31,2026/5 - Maio/DIA-16-ATE-31/DATA,fornecedor,11353,11466,113,coleta/data-package/2026/5 - Maio/DIA-16-ATE-31/DATA,Inserção feita manualmente
2026_09_01_14_33_30_0300_carga_dados_2026_5_Maio_DIA_16_ATE_31_DATA,2026-09-01 14:33:30 -0300,carga_dados,2026,5,DIA-16-ATE-31,2026/5 - Maio/DIA-16-ATE-31/DATA,contratacao,102807,104335,1528,coleta/data-package/2026/5 - Maio/DIA-16-ATE-31/DATA,Inserção feita manualmente
2026_09_01_14_33_30_0300_carga_dados_2026_5_Maio_DIA_16_ATE_31_DATA,2026-09-01 14:33:30 -0300,carga_dados,2026,5,DIA-16-ATE-31,2026/5 - Maio/DIA-16-ATE-31/DATA,item_homologado,204225,208611,4386,coleta/data-package/2026/5 - Maio/DIA-16-ATE-31/DATA,Inserção feita manualmente
2026_09_01_14_33_30_0300_carga_dados_2026_5_Maio_DIA_16_ATE_31_DATA,2026-09-01 14:33:30 -0300,carga_dados,2026,5,DIA-16-ATE-31,2026/5 - Maio/DIA-16-ATE-31/DATA,item_licitado,170567,172928,2361,coleta/data-package/2026/5 - Maio/DIA-16-ATE-31/DATA,Inserção feita manualmente
2026_09_01_18_41_46_0300_carga_dados_2026_06_QUINZENA_1,2026-09-01 18:41:46 -0300,carga_dados,2026,6,QUINZENA-1,2026-06/QUINZENA-1,contratante,13327,13422,95,coleta/data-package/2026/6 - Junho/QUINZENA-1/DATA,Inserção feita manualmente
2026_09_01_18_41_46_0300_carga_dados_2026_06_QUINZENA_1,2026-09-01 18:41:46 -0300,carga_dados,2026,6,QUINZENA-1,2026-06/QUINZENA-1,fornecedor,11466,11582,116,coleta/data-package/2026/6 - Junho/QUINZENA-1/DATA,Inserção feita manualmente
2026_09_01_18_41_46_0300_carga_dados_2026_06_QUINZENA_1,2026-09-01 18:41:46 -0300,carga_dados,2026,6,QUINZENA-1,2026-06/QUINZENA-1,contratacao,104335,105818,1483,coleta/data-package/2026/6 - Junho/QUINZENA-1/DATA,Inserção feita manualmente
2026_09_01_18_41_46_0300_carga_dados_2026_06_QUINZENA_1,2026-09-01 18:41:46 -0300,carga_dados,2026,6,QUINZENA-1,2026-06/QUINZENA-1,item_homologado,208611,212393,3782,coleta/data-package/2026/6 - Junho/QUINZENA-1/DATA,Inserção feita manualmente
2026_09_01_18_41_46_0300_carga_dados_2026_06_QUINZENA_1,2026-09-01 18:41:46 -0300,carga_dados,2026,6,QUINZENA-1,2026-06/QUINZENA-1,item_licitado,172928,175406,2478,coleta/data-package/2026/6 - Junho/QUINZENA-1/DATA,Inserção feita manualmente
2026_09_10_09_31_30_0300_carga_dados_2026_06_QUINZENA_2,2026-09-10 09:31:30 -0300,carga_dados,2026,6,QUINZENA-2,2026-06/QUINZENA-2,contratante,13422,13533,111,coleta/data-package/2026/6 - Junho/QUINZENA-2/DATA,Inserção feita manualmente
2026_09_10_09_31_30_0300_carga_dados_2026_06_QUINZENA_2,2026-09-10 09:31:30 -0300,carga_dados,2026,6,QUINZENA-2,2026-06/QUINZENA-2,fornecedor,11582,11717,135,coleta/data-package/2026/6 - Junho/QUINZENA-2/DATA,Inserção feita manualmente
2026_09_10_09_31_30_0300_carga_dados_2026_06_QUINZENA_2,2026-09-10 09:31:30 -0300,carga_dados,2026,6,QUINZENA-2,2026-06/QUINZENA-2,contratacao,105818,107653,1835,coleta/data-package/2026/6 - Junho/QUINZENA-2/DATA,Inserção feita manualmente
2026_09_10_09_31_30_0300_carga_dados_2026_06_QUINZENA_2,2026-09-10 09:31:30 -0300,carga_dados,2026,6,QUINZENA-2,2026-06/QUINZENA-2,item_homologado,212393,216856,4463,coleta/data-package/2026/6 - Junho/QUINZENA-2/DATA,Inserção feita manualmente
2026_09_10_09_31_30_0300_carga_dados_2026_06_QUINZENA_2,2026-09-10 09:31:30 -0300,carga_dados,2026,6,QUINZENA-2,2026-06/QUINZENA-2,item_licitado,175406,178419,3013,coleta/data-package/2026/6 - Junho/QUINZENA-2/DATA,Inserção feita manualmente
