amparoLegalCriterioDesempate.id,amparoLegalCriterioDesempate.nome,amparoLegalCriterioDesempate.descricao,amparoLegalCriterioDesempate.statusAtivo,amparoLegalMargemPreferencia,aplicacaoBeneficioMeEpp,aplicacaoCriterioDesempate,aplicacaoMargemPreferencia,codigoPais,dataAtualizacao,dataCancelamento,dataCotacaoMoedaEstrangeira,dataInclusao,dataResultado,endpoint,indicadorSubcontratacao,moedaEstrangeira,motivoCancelamento,naturezaJuridicaId,naturezaJuridicaNome,niFornecedor,nomeRazaoSocialFornecedor,numeroControlePNCPCompra,numeroItem,ordemClassificacaoSrp,paisOrigemProdutoServico,percentualDesconto,porteFornecedorId,porteFornecedorNome,quantidadeHomologada,sequencialResultado,situacaoCompraItemResultadoId,situacaoCompraItemResultadoNome,timezoneCotacaoMoedaEstrangeira,tipoPessoa,valorNominalMoedaEstrangeira,valorTotalHomologado,valorUnitarioHomologado
NA,NA,NA,NA,NA,FALSE,FALSE,FALSE,BRA,2024-08-30T13:22:40,NA,NA,2024-08-30T13:22:40,2024-08-30,https://pncp.gov.br/api/pncp/v1/orgaos/46374500000194/compras/2024/5289/itens/9/resultados,FALSE,NA,NA,2062,Sociedade Empresária Limitada,41500407000165,HENRIVIX COMERCIO DE MEDICAMENTOS E MATERIAIS HOSPITALARES LTDA,46374500000194-1-005289/2024,9,NA,NA,0.0000,1,ME,200,1,1,Informado,NA,PJ,NA,396.000,1.9800
NA,NA,NA,NA,NA,FALSE,FALSE,FALSE,BRA,2025-01-13T09:25:15,NA,NA,2025-01-13T09:00:18,2025-01-13,https://pncp.gov.br/api/pncp/v1/orgaos/07954480000179/compras/2024/12206/itens/5/resultados,FALSE,NA,NA,NA,NA,09092152000136,EMMARKA DISTRIBUIDORADE MEDICAMENTOS LTDA,07954480000179-1-012206/2024,5,1,NA,0.0000,3,Demais,3625,1,1,Informado,NA,PJ,NA,139259.450,38.4164
NA,NA,NA,NA,NA,FALSE,FALSE,FALSE,BRA,2024-09-16T08:32:11,NA,NA,2024-09-16T08:32:11,2024-09-16,https://pncp.gov.br/api/pncp/v1/orgaos/16781346000104/compras/2024/154/itens/4666022/resultados,FALSE,NA,NA,NA,NA,28082137000151,RF SERVICOS DE BUFFET E EVENTOS LTDA,16781346000104-1-000154/2024,4666022,1,NA,99.9914,1,ME,8000,1,1,Informado,NA,PJ,NA,41600.000,5.2000
NA,NA,NA,NA,NA,FALSE,FALSE,FALSE,BRA,2024-09-10T12:02:40,NA,NA,2024-09-10T12:02:40,2024-09-10,https://pncp.gov.br/api/pncp/v1/orgaos/46374500000194/compras/2024/5755/itens/8/resultados,FALSE,NA,NA,2062,Sociedade Empresária Limitada,23690002000155,ZMED DISTRIBUIDORA DE MATERIAIS MEDICOS LTDA,46374500000194-1-005755/2024,8,NA,NA,0.0000,1,ME,200,1,1,Informado,NA,PJ,NA,1.586000e+03,7.9300
NA,NA,NA,NA,NA,FALSE,FALSE,FALSE,BRA,2024-09-10T13:37:45,NA,NA,2024-09-10T13:37:45,2024-09-10,https://pncp.gov.br/api/pncp/v1/orgaos/18602060000140/compras/2024/94/itens/4700011/resultados,FALSE,NA,NA,NA,NA,44734671002286,CRISTALIA PRODUTOS QUIMICOS FARMACEUTICOS LTDA,18602060000140-1-000094/2024,4700011,1,NA,99.9870,3,Demais,3000,1,1,Informado,NA,PJ,NA,32010.000,10.6700
NA,NA,NA,NA,NA,FALSE,FALSE,FALSE,BRA,2024-10-10T17:58:14,NA,NA,2024-10-10T17:58:14,2024-10-10,https://pncp.gov.br/api/pncp/v1/orgaos/15126437000143/compras/2024/2593/itens/8/resultados,FALSE,NA,NA,2062,Sociedade Empresária Limitada,44734671002286,CRISTALIA PRODUTOS QUIMICOS FARMACEUTICOS LTDA,15126437000143-1-002593/2024,8,1,NA,0.0000,3,Demais,67,1,1,Informado,NA,PJ,NA,1206.000,18.0000
NA,NA,NA,NA,NA,FALSE,FALSE,FALSE,BRA,2024-09-19T13:55:20,NA,NA,2024-09-19T13:55:20,2024-09-19,https://pncp.gov.br/api/pncp/v1/orgaos/46381000002123/compras/2024/31/itens/10/resultados,FALSE,NA,NA,2062,Sociedade Empresária Limitada,17756574000197,MANZATOS FARMA LTDA,46381000002123-1-000031/2024,10,NA,NA,0.0000,1,ME,160,1,1,Informado,NA,PJ,NA,7.152000e+02,4.4700
NA,NA,NA,NA,NA,FALSE,FALSE,FALSE,BRA,2024-10-11T11:58:06,NA,NA,2024-10-11T11:58:06,2024-10-11,https://pncp.gov.br/api/pncp/v1/orgaos/08241739000105/compras/2024/772/itens/8/resultados,FALSE,NA,NA,2062,Sociedade Empresária Limitada,07055280000184,F WILTON CAVALCANTE MONTEIRO LTDA,08241739000105-1-000772/2024,8,1,NA,0.0000,3,Demais,2880,1,1,Informado,NA,PJ,NA,1.172160e+04,4.0700
NA,NA,NA,NA,NA,FALSE,FALSE,FALSE,BRA,2024-09-19T10:02:13,NA,NA,2024-09-19T10:02:13,2024-09-19,https://pncp.gov.br/api/pncp/v1/orgaos/12474705000120/compras/2024/186/itens/1/resultados,FALSE,NA,NA,2062,Sociedade Empresária Limitada,67729178000491,COMERCIAL CIRURGICA RIOCLARENSE LTDA,12474705000120-1-000186/2024,1,1,NA,0.0000,3,Demais,76800,1,1,Informado,NA,PJ,NA,9.216000e+04,1.2000
NA,NA,NA,NA,NA,FALSE,FALSE,FALSE,BRA,2024-08-01T12:26:38,NA,NA,2024-08-01T12:26:38,2024-07-26,https://pncp.gov.br/api/pncp/v1/orgaos/14986862000140/compras/2024/21/itens/7/resultados,FALSE,NA,NA,2062,Sociedade Empresária Limitada,05194502000114,ALFALAGOS LTDA.,14986862000140-1-000021/2024,7,1,NA,0.0000,3,Demais,10,1,1,Informado,NA,PJ,NA,2.900000e+01,2.9000
NA,NA,NA,NA,NA,FALSE,FALSE,FALSE,BRA,2024-08-05T13:31:15,NA,NA,2024-08-05T13:31:15,2024-07-30,https://pncp.gov.br/api/pncp/v1/orgaos/46200846000176/compras/2024/4007/itens/4/resultados,FALSE,NA,NA,2062,Sociedade Empresária Limitada,07803530000206,MARIA HELENA DIAS RENOFIO ME,46200846000176-1-004007/2024,4,1,NA,0.0000,1,ME,180,1,1,Informado,NA,PJ,NA,2.304000e+02,1.2800
NA,NA,NA,NA,NA,FALSE,FALSE,FALSE,BRA,2024-08-09T16:04:11,NA,NA,2024-08-09T16:04:11,2024-08-09,https://pncp.gov.br/api/pncp/v1/orgaos/44494136000170/compras/2024/273/itens/4/resultados,FALSE,NA,NA,8885,Natureza Jurídica não informada,00115960000105,MEDICAMENTOS BRASIL DE ASSIS LTDA,44494136000170-1-000273/2024,4,1,NA,0.0000,2,EPP,120,1,1,Informado,NA,PJ,NA,3.264000e+02,2.7200
NA,NA,NA,NA,NA,FALSE,FALSE,FALSE,BRA,2024-09-10T12:02:40,NA,NA,2024-09-10T12:02:40,2024-09-10,https://pncp.gov.br/api/pncp/v1/orgaos/46374500000194/compras/2024/5755/itens/8/resultados,FALSE,NA,NA,2062,Sociedade Empresária Limitada,23690002000155,ZMED DISTRIBUIDORA DE MATERIAIS MEDICOS LTDA,46374500000194-1-005755/2024,8,NA,NA,0.0000,1,ME,200,1,1,Informado,NA,PJ,NA,1.586000e+03,7.9300
NA,NA,NA,NA,NA,FALSE,FALSE,FALSE,BRA,2024-09-10T13:37:45,NA,NA,2024-09-10T13:37:45,2024-09-10,https://pncp.gov.br/api/pncp/v1/orgaos/18602060000140/compras/2024/94/itens/4700011/resultados,FALSE,NA,NA,NA,NA,44734671002286,CRISTALIA PRODUTOS QUIMICOS FARMACEUTICOS LTDA,18602060000140-1-000094/2024,4700011,1,NA,99.9870,3,Demais,3000,1,1,Informado,NA,PJ,NA,32010.000,10.6700
NA,NA,NA,NA,NA,FALSE,FALSE,FALSE,BRA,2024-10-10T17:58:14,NA,NA,2024-10-10T17:58:14,2024-10-10,https://pncp.gov.br/api/pncp/v1/orgaos/15126437000143/compras/2024/2593/itens/8/resultados,FALSE,NA,NA,2062,Sociedade Empresária Limitada,44734671002286,CRISTALIA PRODUTOS QUIMICOS FARMACEUTICOS LTDA,15126437000143-1-002593/2024,8,1,NA,0.0000,3,Demais,67,1,1,Informado,NA,PJ,NA,1206.000,18.0000
NA,NA,NA,NA,NA,FALSE,FALSE,FALSE,BRA,2024-09-19T13:55:20,NA,NA,2024-09-19T13:55:20,2024-09-19,https://pncp.gov.br/api/pncp/v1/orgaos/46381000002123/compras/2024/31/itens/10/resultados,FALSE,NA,NA,2062,Sociedade Empresária Limitada,17756574000197,MANZATOS FARMA LTDA,46381000002123-1-000031/2024,10,NA,NA,0.0000,1,ME,160,1,1,Informado,NA,PJ,NA,7.152000e+02,4.4700
NA,NA,NA,NA,NA,FALSE,FALSE,FALSE,BRA,2024-10-11T11:58:06,NA,NA,2024-10-11T11:58:06,2024-10-11,https://pncp.gov.br/api/pncp/v1/orgaos/08241739000105/compras/2024/772/itens/8/resultados,FALSE,NA,NA,2062,Sociedade Empresária Limitada,07055280000184,F WILTON CAVALCANTE MONTEIRO LTDA,08241739000105-1-000772/2024,8,1,NA,0.0000,3,Demais,2880,1,1,Informado,NA,PJ,NA,1.172160e+04,4.0700
NA,NA,NA,NA,NA,FALSE,FALSE,FALSE,BRA,2024-09-19T10:02:13,NA,NA,2024-09-19T10:02:13,2024-09-19,https://pncp.gov.br/api/pncp/v1/orgaos/12474705000120/compras/2024/186/itens/1/resultados,FALSE,NA,NA,2062,Sociedade Empresária Limitada,67729178000491,COMERCIAL CIRURGICA RIOCLARENSE LTDA,12474705000120-1-000186/2024,1,1,NA,0.0000,3,Demais,76800,1,1,Informado,NA,PJ,NA,9.216000e+04,1.2000
NA,NA,NA,NA,NA,FALSE,FALSE,FALSE,BRA,2024-09-10T12:02:40,NA,NA,2024-09-10T12:02:40,2024-09-10,https://pncp.gov.br/api/pncp/v1/orgaos/46374500000194/compras/2024/5755/itens/8/resultados,FALSE,NA,NA,2062,Sociedade Empresária Limitada,23690002000155,ZMED DISTRIBUIDORA DE MATERIAIS MEDICOS LTDA,46374500000194-1-005755/2024,8,NA,NA,0.0000,1,ME,200,1,1,Informado,NA,PJ,NA,1.586000e+03,7.9300
NA,NA,NA,NA,NA,FALSE,FALSE,FALSE,BRA,2024-09-10T13:37:45,NA,NA,2024-09-10T13:37:45,2024-09-10,https://pncp.gov.br/api/pncp/v1/orgaos/18602060000140/compras/2024/94/itens/4700011/resultados,FALSE,NA,NA,NA,NA,44734671002286,CRISTALIA PRODUTOS QUIMICOS FARMACEUTICOS LTDA,18602060000140-1-000094/2024,4700011,1,NA,99.9870,3,Demais,3000,1,1,Informado,NA,PJ,NA,32010.000,10.6700
NA,NA,NA,NA,NA,FALSE,FALSE,FALSE,BRA,2024-10-10T17:58:14,NA,NA,2024-10-10T17:58:14,2024-10-10,https://pncp.gov.br/api/pncp/v1/orgaos/15126437000143/compras/2024/2593/itens/8/resultados,FALSE,NA,NA,2062,Sociedade Empresária Limitada,44734671002286,CRISTALIA PRODUTOS QUIMICOS FARMACEUTICOS LTDA,15126437000143-1-002593/2024,8,1,NA,0.0000,3,Demais,67,1,1,Informado,NA,PJ,NA,1206.000,18.0000
NA,NA,NA,NA,NA,FALSE,FALSE,FALSE,BRA,2024-09-19T13:55:20,NA,NA,2024-09-19T13:55:20,2024-09-19,https://pncp.gov.br/api/pncp/v1/orgaos/46381000002123/compras/2024/31/itens/10/resultados,FALSE,NA,NA,2062,Sociedade Empresária Limitada,17756574000197,MANZATOS FARMA LTDA,46381000002123-1-000031/2024,10,NA,NA,0.0000,1,ME,160,1,1,Informado,NA,PJ,NA,715.200,4.4700
NA,NA,NA,NA,NA,FALSE,FALSE,FALSE,BRA,2024-10-11T11:58:06,NA,NA,2024-10-11T11:58:06,2024-10-11,https://pncp.gov.br/api/pncp/v1/orgaos/08241739000105/compras/2024/772/itens/8/resultados,FALSE,NA,NA,2062,Sociedade Empresária Limitada,07055280000184,F WILTON CAVALCANTE MONTEIRO LTDA,08241739000105-1-000772/2024,8,1,NA,0.0000,3,Demais,2880,1,1,Informado,NA,PJ,NA,11721.600,4.0700
NA,NA,NA,NA,NA,FALSE,FALSE,FALSE,BRA,2024-09-19T10:02:13,NA,NA,2024-09-19T10:02:13,2024-09-19,https://pncp.gov.br/api/pncp/v1/orgaos/12474705000120/compras/2024/186/itens/1/resultados,FALSE,NA,NA,2062,Sociedade Empresária Limitada,67729178000491,COMERCIAL CIRURGICA RIOCLARENSE LTDA,12474705000120-1-000186/2024,1,1,NA,0.0000,3,Demais,76800,1,1,Informado,NA,PJ,NA,92160.0000,1.2000
NA,NA,NA,NA,NA,FALSE,FALSE,FALSE,BRA,2024-08-01T12:26:38,NA,NA,2024-08-01T12:26:38,2024-07-26,https://pncp.gov.br/api/pncp/v1/orgaos/14986862000140/compras/2024/21/itens/7/resultados,FALSE,NA,NA,2062,Sociedade Empresária Limitada,05194502000114,ALFALAGOS LTDA.,14986862000140-1-000021/2024,7,1,NA,0.0000,3,Demais,10,1,1,Informado,NA,PJ,NA,29.0000,2.9000
NA,NA,NA,NA,NA,FALSE,FALSE,FALSE,BRA,2024-12-09T09:36:02,NA,NA,2024-12-09T09:36:02,2024-12-02,https://pncp.gov.br/api/pncp/v1/orgaos/01488169000103/compras/2024/2/itens/10/resultados,FALSE,NA,NA,NA,NA,02520829000493,DIMASTER - COMERCIO DE PRODUTOS HOSPITALARES LTDA,01488169000103-1-000002/2024,10,1,NA,66.7636,3,Demais,153744,1,1,Informado,NA,PJ,NA,1.844928e+05,1.2000
NA,NA,NA,NA,NA,FALSE,FALSE,FALSE,BRA,2024-10-23T14:03:50,NA,NA,2024-10-23T14:01:40,2024-10-11,https://pncp.gov.br/api/pncp/v1/orgaos/24859332000194/compras/2024/82/itens/5/resultados,FALSE,NA,NA,NA,NA,40455009000101,ALMEIDA FARMACEUTICA LTDA,24859332000194-1-000082/2024,5,1,NA,0.0000,1,ME,1080,1,2,Cancelado,NA,PJ,NA,0.000000e+00,0.0000
NA,NA,NA,NA,NA,FALSE,FALSE,FALSE,BRA,2024-09-09T14:18:57,NA,NA,2024-09-09T14:18:57,2024-07-02,https://pncp.gov.br/api/pncp/v1/orgaos/12998458000160/compras/2024/632/itens/1/resultados,FALSE,NA,NA,NA,NA,04274988000138,ATIVA COMERCIAL HOSPITALAR LTDA,12998458000160-1-000632/2024,1,NA,NA,0.0000,3,Demais,10000.00,1,1,Informado,NA,PJ,NA,1.200000e+03,0.1200
NA,NA,NA,NA,NA,FALSE,FALSE,FALSE,BRA,2024-11-04T14:43:00,NA,NA,2024-11-04T14:43:00,2024-10-17,https://pncp.gov.br/api/pncp/v1/orgaos/12998458000160/compras/2024/864/itens/1/resultados,FALSE,NA,NA,NA,NA,43548244000116,DISTRIBUIDORA MAX PHARMA LTDA,12998458000160-1-000864/2024,1,1,NA,0.0000,1,ME,360,1,1,Informado,NA,PJ,NA,7.776000e+02,2.1600
NA,NA,NA,NA,NA,FALSE,FALSE,FALSE,BRA,2024-11-07T16:13:42,NA,NA,2024-11-07T16:13:42,2024-11-07,https://pncp.gov.br/api/pncp/v1/orgaos/29063294000182/compras/2024/184/itens/10/resultados,FALSE,NA,NA,2062,Sociedade Empresária Limitada,47454600000193,GREEN MED DISTRIBUIDORA E IMPORTADORA DE MEDICAMENTOS E PRODUTOS PARA SAUDE LTDA,29063294000182-1-000184/2024,10,1,NA,0.0000,1,ME,400,1,1,Informado,NA,PJ,NA,864.000,2.1600
NA,NA,NA,NA,NA,FALSE,FALSE,FALSE,BRA,2024-12-02T15:05:56,NA,NA,2024-12-02T15:05:56,2024-12-02,https://pncp.gov.br/api/pncp/v1/orgaos/46374500000194/compras/2024/8251/itens/3/resultados,FALSE,NA,NA,2062,Sociedade Empresária Limitada,29349061000140,QUIRON PHARMA LTDA,46374500000194-1-008251/2024,3,NA,NA,0.0000,1,ME,3000,1,1,Informado,NA,PJ,NA,23700.00,7.9000
NA,NA,NA,NA,NA,FALSE,FALSE,FALSE,BRA,2024-11-25T16:51:21,NA,NA,2024-11-25T16:51:21,2024-11-25,https://pncp.gov.br/api/pncp/v1/orgaos/88566872000162/compras/2024/613/itens/7/resultados,FALSE,NA,NA,NA,NA,49542190000168,"LICITAPHARMA DISTRIBUIDORA DE PRODUTOS VETERINÁRIOS, HOSPITALARES E MEDICAMENTOS LTDA.",88566872000162-1-000613/2024,7,1,NA,0.0000,1,ME,100.0,1,1,Informado,NA,PJ,NA,3855.000,38.5500
NA,NA,NA,NA,NA,FALSE,FALSE,FALSE,BRA,2024-10-21T17:07:05,NA,NA,2024-10-21T17:07:05,2024-10-21,https://pncp.gov.br/api/pncp/v1/orgaos/48031918000124/compras/2024/3225/itens/1/resultados,FALSE,NA,NA,2054,Sociedade Anônima Fechada,77043511000115,QUIMTIA S.A,48031918000124-1-003225/2024,1,1,NA,0.0000,3,Demais,140,1,1,Informado,NA,PJ,NA,2.800000e+04,200.0000
NA,NA,NA,NA,NA,FALSE,FALSE,FALSE,BRA,2024-11-26T14:31:09,NA,NA,2024-11-26T14:31:09,2024-11-26,https://pncp.gov.br/api/pncp/v1/orgaos/12474705000120/compras/2024/273/itens/4/resultados,FALSE,NA,NA,2062,Sociedade Empresária Limitada,20202872000220,PROVIP DISTRIBUIDORA HOSPITALAR LTDA,12474705000120-1-000273/2024,4,NA,NA,0.0000,1,ME,700,1,1,Informado,NA,PJ,NA,5038.18,7.1974
NA,NA,NA,NA,NA,FALSE,FALSE,FALSE,BRA,2024-12-16T11:43:03,NA,NA,2024-12-16T11:43:03,2024-12-16,https://pncp.gov.br/api/pncp/v1/orgaos/07954480000179/compras/2024/22452/itens/4/resultados,FALSE,NA,NA,2054,Sociedade Anônima Fechada,26921908000202,HOSPFAR INDUSTRIA E COMERCIO DE PRODUTOS HOSPITALARES S.A.,07954480000179-1-022452/2024,4,1,NA,0.0000,3,Demais,450,1,1,Informado,NA,PJ,NA,1507.500,3.3500
NA,NA,NA,NA,NA,FALSE,FALSE,FALSE,BRA,2024-11-12T13:14:10,NA,NA,2024-11-12T13:14:10,2024-10-30,https://pncp.gov.br/api/pncp/v1/orgaos/46634564000187/compras/2024/1357/itens/2/resultados,FALSE,NA,NA,2062,Sociedade Empresária Limitada,03945035000191,ACACIA COMERCIO DE MEDICAMENTOS EIRELI,46634564000187-1-001357/2024,2,1,NA,0.0000,3,Demais,200000,1,1,Informado,NA,PJ,NA,13800.00,0.0690
NA,NA,NA,NA,NA,FALSE,FALSE,FALSE,BRA,2024-12-27T10:57:18,NA,NA,2024-12-27T10:57:18,2024-12-27,https://pncp.gov.br/api/pncp/v1/orgaos/46374500000194/compras/2024/9913/itens/1/resultados,FALSE,NA,NA,2062,Sociedade Empresária Limitada,04307650001298,ONCO PROD DISTRIBUIDORA DE PRODUTOS HOSPITALARES E ONCOLOGICOS LTDA.,46374500000194-1-009913/2024,1,NA,NA,0.0000,3,Demais,960,1,1,Informado,NA,PJ,NA,75273.600,78.4100
NA,NA,NA,NA,NA,FALSE,FALSE,FALSE,BRA,2024-12-20T12:39:58,NA,NA,2024-12-20T12:39:58,2024-12-20,https://pncp.gov.br/api/pncp/v1/orgaos/26981455000129/compras/2024/123/itens/7/resultados,FALSE,NA,NA,2062,Sociedade Empresária Limitada,42529374000149,DISTRIBUIDORA DE MEDICAMENTOS INTRAMED LTDA,26981455000129-1-000123/2024,7,1,NA,0.0000,1,ME,24000,1,1,Informado,NA,PJ,NA,29760.000,1.2400
NA,NA,NA,NA,NA,FALSE,FALSE,FALSE,BRA,2025-01-22T12:45:55,NA,NA,2025-01-22T12:45:55,2025-01-22,https://pncp.gov.br/api/pncp/v1/orgaos/78640489000153/compras/2024/781/itens/10/resultados,FALSE,NA,NA,2062,Sociedade Empresária Limitada,35959514000153,TOLESUL DISTRIBUIDORA DE MEDICAMENTOS LTDA,78640489000153-1-000781/2024,10,NA,NA,0.0000,1,ME,5450,1,1,Informado,NA,PJ,NA,4632.500,0.8500
NA,NA,NA,NA,NA,FALSE,FALSE,FALSE,BRA,2024-12-17T08:50:06,NA,NA,2024-12-17T08:50:06,2024-12-17,https://pncp.gov.br/api/pncp/v1/orgaos/46374500000194/compras/2024/10208/itens/1/resultados,FALSE,NA,NA,2062,Sociedade Empresária Limitada,05005873000100,PORTAL LTDA,46374500000194-1-010208/2024,1,1,NA,0.0000,3,Demais,33480,1,1,Informado,NA,PJ,NA,1730437.236,51.6857
NA,NA,NA,NA,NA,FALSE,FALSE,FALSE,BRA,2024-12-27T17:23:17,NA,NA,2024-12-27T17:23:17,2024-12-27,https://pncp.gov.br/api/pncp/v1/orgaos/96291141000180/compras/2024/7344/itens/10/resultados,FALSE,NA,NA,2062,Sociedade Empresária Limitada,04192876000138,CRISMED COMERCIAL HOSPITALAR LTDA.,96291141000180-1-007344/2024,10,NA,NA,0.0000,3,Demais,13000,1,1,Informado,NA,PJ,NA,36920.00,2.8400
NA,NA,NA,NA,NA,FALSE,FALSE,FALSE,BRA,2025-01-13T12:28:12,NA,NA,2025-01-13T12:28:12,2024-12-30,https://pncp.gov.br/api/pncp/v1/orgaos/08087561000181/compras/2024/254/itens/7/resultados,FALSE,NA,NA,NA,NA,42591738000110,CACTOS DISTRIBUIDORA DE MEDICAMENTOS E MATERIAIS HOSPITALAR LTDA,08087561000181-1-000254/2024,7,6,NA,0.0000,3,Demais,1000,1,1,Informado,NA,PJ,NA,1320.000,1.3200
NA,NA,NA,NA,NA,FALSE,FALSE,FALSE,BRA,2024-12-27T10:49:40,NA,NA,2024-12-27T10:49:40,2024-12-27,https://pncp.gov.br/api/pncp/v1/orgaos/46374500000194/compras/2024/10738/itens/6/resultados,FALSE,NA,NA,2062,Sociedade Empresária Limitada,28004857000107,FERRARI MED DISTRIBUIDORA DE MEDICAMENTOS LTDA,46374500000194-1-010738/2024,6,NA,NA,0.0000,1,ME,6930,1,1,Informado,NA,PJ,NA,8316.000,1.2000
