numeroItem,descricao,materialOuServico,materialOuServicoNome,valorUnitarioEstimado,valorTotal,quantidade,unidadeMedida,orcamentoSigiloso,itemCategoriaId,itemCategoriaNome,patrimonio,codigoRegistroImobiliario,criterioJulgamentoId,criterioJulgamentoNome,situacaoCompraItem,situacaoCompraItemNome,tipoBeneficio,tipoBeneficioNome,incentivoProdutivoBasico,dataInclusao,dataAtualizacao,temResultado,imagem,aplicabilidadeMargemPreferenciaNormal,aplicabilidadeMargemPreferenciaAdicional,percentualMargemPreferenciaNormal,percentualMargemPreferenciaAdicional,ncmNbsCodigo,ncmNbsDescricao,catalogo,categoriaItemCatalogo,catalogoCodigoItem,informacaoComplementar,endpoint,status_code,clean_descricao,codigo_pdm,endpoint_resultado,endpoint_contratacao
5,BENFOTIAMINA 150 MG: EMBALAGENS CONTENDO 30 DRÁGEAS.,M,Material,0,0,1080,COMPRIMIDOS,TRUE,3,Não se aplica,NA,NA,1,Menor preço,2,Homologado,4,Sem benefício,FALSE,2024-09-18T13:42:09Z,2024-10-23T14:01:40Z,FALSE,0,FALSE,FALSE,NA,NA,NA,NA,NA,NA,NA,NA,https://pncp.gov.br/api/pncp/v1/orgaos/24859332000194/compras/2024/82/itens,200,benfotiamina mg embalagens contendo drageas,10331,https://pncp.gov.br/api/pncp/v1/orgaos/24859332000194/compras/2024/82/itens/5/resultados,https://pncp.gov.br/api/pncp/v1/orgaos/24859332000194/compras/2024/82
1,RISPERIDONA 2 MG - COMPRIMIDO,M,Material,0.12,1200,10000,COMPRIMIDO,FALSE,3,Não se aplica,NA,NA,1,Menor preço,1,Em andamento,5,Não se aplica,FALSE,2024-09-02T15:33:39Z,2024-09-02T15:33:39Z,TRUE,0,FALSE,FALSE,NA,NA,NA,NA,NA,NA,NA,NA,https://pncp.gov.br/api/pncp/v1/orgaos/12998458000160/compras/2024/632/itens,200,risperidona mg comprimido,11759,https://pncp.gov.br/api/pncp/v1/orgaos/12998458000160/compras/2024/632/itens/1/resultados,https://pncp.gov.br/api/pncp/v1/orgaos/12998458000160/compras/2024/632
4601043,NUTRICAO PARENTERAL DE FORMULA  INDIVIDUALIZADA POR KG PESO ADULTO,M,Material,0,0,135,L,TRUE,3,Não se aplica,NA,NA,1,Menor preço,3,Anulado/Revogado/Cancelado,1,Participação exclusiva para ME/EPP,FALSE,2024-08-07T12:00:35Z,2024-11-08T17:00:10Z,FALSE,0,FALSE,FALSE,NA,NA,NA,NA,NA,NA,NA,NA,https://pncp.gov.br/api/pncp/v1/orgaos/31506306000148/compras/2024/8/itens,200,nutricao parenteral de formula individualizada por kg peso adulto,18501,https://pncp.gov.br/api/pncp/v1/orgaos/31506306000148/compras/2024/8/itens/4601043/resultados,https://pncp.gov.br/api/pncp/v1/orgaos/31506306000148/compras/2024/8
1271733,"COLECALCIFEROL VIT D3, 50.000U.I COMPRIMIDO.",M,Material,2.075,49.8,24,Un,FALSE,3,Não se aplica,NA,NA,7,Não se aplica,2,Homologado,4,Sem benefício,FALSE,2024-08-20T12:23:31Z,2024-09-23T14:45:03Z,TRUE,0,FALSE,FALSE,NA,NA,NA,NA,NA,NA,NA,NA,https://pncp.gov.br/api/pncp/v1/orgaos/05816630000152/compras/2024/5119/itens,200,colecalciferol vit d u i comprimido,1631,https://pncp.gov.br/api/pncp/v1/orgaos/05816630000152/compras/2024/5119/itens/1271733/resultados,https://pncp.gov.br/api/pncp/v1/orgaos/05816630000152/compras/2024/5119
7,Propiltiouracil,M,Material,1.24,29760,24000,Comprimido,FALSE,3,Não se aplica,NA,NA,1,Menor preço,2,Homologado,1,Participação exclusiva para ME/EPP,FALSE,2024-11-26T07:05:21Z,2024-12-20T12:40:00Z,TRUE,0,FALSE,FALSE,NA,NA,NA,NA,NA,NA,NA,NA,https://pncp.gov.br/api/pncp/v1/orgaos/26981455000129/compras/2024/123/itens,200,propiltiouracil,11274,https://pncp.gov.br/api/pncp/v1/orgaos/26981455000129/compras/2024/123/itens/7/resultados,https://pncp.gov.br/api/pncp/v1/orgaos/26981455000129/compras/2024/123
31760,"Accu-chek FlexLink 8mmX60cm (cânula + cateter) - Conjunto de Set de Infusão de insulina tamanho 8/60 para uso em bomba de insulina, compatível com cartucho de 3,15 ml. Caixa com 10 unidades. Para atender demanda judicial: 0004406-22.2011.8.26.0441; 0004691-10.2014.8.26.0441",M,Material,1499.91,4499.73,3,CX,FALSE,3,Não se aplica,NA,NA,1,Menor preço,4,Deserto,4,Sem benefício,FALSE,2024-11-28T18:41:17Z,2024-12-12T17:04:01Z,FALSE,0,FALSE,FALSE,NA,NA,NA,NA,NA,NA,NA,NA,https://pncp.gov.br/api/pncp/v1/orgaos/46578514000120/compras/2024/297/itens,200,accu chek flexlink mmxcm canula + cateter conjunto de set de infusao de insulina tamanho para uso em bomba de insulina compativel com cartucho de ml caixa com unidades para atender demanda judicial,8428,https://pncp.gov.br/api/pncp/v1/orgaos/46578514000120/compras/2024/297/itens/31760/resultados,https://pncp.gov.br/api/pncp/v1/orgaos/46578514000120/compras/2024/297
10,Clonazepam,M,Material,3.05,1220,400,"Frasco 20,00 ML",FALSE,3,Não se aplica,NA,NA,1,Menor preço,2,Homologado,1,Participação exclusiva para ME/EPP,FALSE,2024-10-10T07:15:34Z,2024-11-07T16:13:42Z,TRUE,0,FALSE,FALSE,NA,NA,NA,NA,NA,NA,NA,NA,https://pncp.gov.br/api/pncp/v1/orgaos/29063294000182/compras/2024/184/itens,200,clonazepam,5087,https://pncp.gov.br/api/pncp/v1/orgaos/29063294000182/compras/2024/184/itens/10/resultados,https://pncp.gov.br/api/pncp/v1/orgaos/29063294000182/compras/2024/184
5,"FENOFIBRATO, 160MG, COMPRIMIDO REVESTIDO, UNIDADE 1.0 COMPRIMIDO",M,Material,2.5,4505.94,1800,UNIDADE 1.0 COMPRIMIDO,FALSE,3,Não se aplica,NA,NA,1,Menor preço,1,Em andamento,5,Não se aplica,FALSE,2024-09-26T13:44:22Z,2024-09-26T13:44:22Z,FALSE,0,FALSE,FALSE,NA,NA,NA,NA,NA,NA,NA,NA,https://pncp.gov.br/api/pncp/v1/orgaos/07954480000179/compras/2024/17165/itens,200,fenofibrato mg comprimido revestido unidade comprimido,17700,https://pncp.gov.br/api/pncp/v1/orgaos/07954480000179/compras/2024/17165/itens/5/resultados,https://pncp.gov.br/api/pncp/v1/orgaos/07954480000179/compras/2024/17165
7,Esterase,M,Material,0,0,27,Frasco-Ampola,TRUE,3,Não se aplica,NA,NA,1,Menor preço,1,Em andamento,5,Não se aplica,FALSE,2024-09-05T07:02:17Z,2024-09-05T07:02:17Z,FALSE,0,FALSE,FALSE,NA,NA,NA,NA,NA,NA,NA,NA,https://pncp.gov.br/api/pncp/v1/orgaos/18715383000140/compras/2024/760/itens,200,esterase,3120,https://pncp.gov.br/api/pncp/v1/orgaos/18715383000140/compras/2024/760/itens/7/resultados,https://pncp.gov.br/api/pncp/v1/orgaos/18715383000140/compras/2024/760
1,LAMOTRIGINA - 100 MG. MARCA OBRIGATORIA: ILUDRAL OU ANTARA.,M,Material,2.73,3538.08,1296,COMPRIMIDO,FALSE,3,Não se aplica,NA,NA,1,Menor preço,2,Homologado,5,Não se aplica,FALSE,2024-10-03T11:23:54Z,2024-11-04T14:53:40Z,TRUE,0,FALSE,FALSE,NA,NA,NA,NA,NA,NA,NA,NA,https://pncp.gov.br/api/pncp/v1/orgaos/12998458000160/compras/2024/864/itens,200,lamotrigina mg marca obrigatoria iludral ou antara,8640,https://pncp.gov.br/api/pncp/v1/orgaos/12998458000160/compras/2024/864/itens/1/resultados,https://pncp.gov.br/api/pncp/v1/orgaos/12998458000160/compras/2024/864
10,ACIDO VALPROICO 500MG,M,Material,0.6618,200922.48,303600,CP,FALSE,3,Não se aplica,NA,NA,1,Menor preço,2,Homologado,4,Sem benefício,FALSE,2024-09-06T12:03:28Z,2024-12-09T09:35:45Z,TRUE,0,FALSE,FALSE,NA,NA,NA,NA,NA,NA,NA,NA,https://pncp.gov.br/api/pncp/v1/orgaos/01488169000103/compras/2024/2/itens,200,acido valproico mg,2036,https://pncp.gov.br/api/pncp/v1/orgaos/01488169000103/compras/2024/2/itens/10/resultados,https://pncp.gov.br/api/pncp/v1/orgaos/01488169000103/compras/2024/2
7,ACIDO ASCORBICO 200MG/ML,M,Material,1.34,1340,1000,FRASCO,FALSE,3,Não se aplica,NA,NA,1,Menor preço,2,Homologado,5,Não se aplica,FALSE,2024-12-03T09:29:15Z,2025-01-13T12:28:12Z,TRUE,0,FALSE,FALSE,NA,NA,NA,NA,NA,NA,NA,NA,https://pncp.gov.br/api/pncp/v1/orgaos/08087561000181/compras/2024/254/itens,200,acido ascorbico mg ml,1872,https://pncp.gov.br/api/pncp/v1/orgaos/08087561000181/compras/2024/254/itens/7/resultados,https://pncp.gov.br/api/pncp/v1/orgaos/08087561000181/compras/2024/254
6,Leuprorrelina acetato,M,Material,0,0,113,Seringa,TRUE,3,Não se aplica,NA,NA,1,Menor preço,4,Deserto,1,Participação exclusiva para ME/EPP,FALSE,2024-08-21T09:17:05Z,2024-09-05T09:30:00Z,FALSE,0,FALSE,FALSE,NA,NA,NA,NA,NA,NA,NA,NA,https://pncp.gov.br/api/pncp/v1/orgaos/46068425000133/compras/2024/698/itens,200,leuprorrelina acetato,1782,https://pncp.gov.br/api/pncp/v1/orgaos/46068425000133/compras/2024/698/itens/6/resultados,https://pncp.gov.br/api/pncp/v1/orgaos/46068425000133/compras/2024/698
10,"(5533376) - ALCOOL ETILICO A 70% - CONCENTRACAO/DOSAGEM A 70%,FORMA DE APRESENTACAO EM  REFIL,FORMA FARMACEUTICA  EM ESPUMA,INDICACAO DE USO: ANTISSEPTICO, DESINFETANTE RECIPIENTE (DISPENSER) PARA FIXACAO EM PAREDE OU SUPERFICIE , POR COMODATO",M,Material,8.9333,214.3992,24,L,FALSE,3,Não se aplica,NA,NA,7,Não se aplica,1,Em andamento,4,Sem benefício,FALSE,2024-09-09T11:53:59Z,2024-09-09T11:53:59Z,TRUE,0,FALSE,FALSE,NA,NA,NA,NA,NA,NA,NA,NA,https://pncp.gov.br/api/pncp/v1/orgaos/10572048000128/compras/2024/1156/itens,200,alcool etilico a concentracao dosagem a forma de apresentacao em refil forma farmaceutica em espuma indicacao de uso antisseptico desinfetante recipiente dispenser para fixacao em parede ou superficie por comodato,2259,https://pncp.gov.br/api/pncp/v1/orgaos/10572048000128/compras/2024/1156/itens/10/resultados,https://pncp.gov.br/api/pncp/v1/orgaos/10572048000128/compras/2024/1156
10,"Formula infantil de seguimento em po, adicionada de prebioticos 0,4 A 0,8g/100ml. Contem LcPUFAs DHA E ARA e nucleotideos. Densidade calorica 67 a 68 Kcal/100ml. Possui 12% de proteinas lacteas (relacao caseina/proteinas do soro 50:50 ou 60:40). 100% lactose. Embalagem a partir de 400g.Formula infantil de seguimento em po, adicionada de prebioticos 0,4 A 0,8g/100ml. Contem LcPUFAs DHA E ARA e nucleotideos. Densidade calorica 67 a 68 Kcal/100ml. Possui 12% de proteinas lacteas (relacao caseina/proteinas do soro 50:50 ou 60:40). 100% lactose. Embalagem a partir de 400g.",M,Material,71.27,78397,1100,Lata,FALSE,3,Não se aplica,NA,NA,1,Menor preço,1,Em andamento,1,Participação exclusiva para ME/EPP,FALSE,2024-09-19T11:12:24Z,2024-09-19T11:12:24Z,FALSE,0,FALSE,FALSE,NA,NA,NA,NA,NA,NA,NA,NA,https://pncp.gov.br/api/pncp/v1/orgaos/01613167000190/compras/2024/144/itens,200,formula infantil de seguimento em po adicionada de prebioticos a g ml contem lcpufas dha e ara e nucleotideos densidade calorica a kcal ml possui de proteinas lacteas relacao caseina proteinas do soro ou lactose embalagem a partir de g formula infantil de seguimento em po adicionada de prebioticos a g ml contem lcpufas dha e ara e nucleotideos densidade calorica a kcal ml possui de proteinas lacteas relacao caseina proteinas do soro ou lactose embalagem a partir de g,1289,https://pncp.gov.br/api/pncp/v1/orgaos/01613167000190/compras/2024/144/itens/10/resultados,https://pncp.gov.br/api/pncp/v1/orgaos/01613167000190/compras/2024/144
1,Octreotida,M,Material,62.1807,2081809.83,33480,"Ampola 1,00 ML",FALSE,3,Não se aplica,NA,NA,1,Menor preço,2,Homologado,5,Não se aplica,FALSE,2024-11-28T07:07:30Z,2024-12-17T08:50:06Z,TRUE,0,FALSE,FALSE,NA,NA,30043929,NA,NA,NA,NA,NA,https://pncp.gov.br/api/pncp/v1/orgaos/46374500000194/compras/2024/10208/itens,200,octreotida,10144,https://pncp.gov.br/api/pncp/v1/orgaos/46374500000194/compras/2024/10208/itens/1/resultados,https://pncp.gov.br/api/pncp/v1/orgaos/46374500000194/compras/2024/10208
10,Miconazol Nitrato,M,Material,4.47,715.2,160,Bisnaga 28 G,FALSE,3,Não se aplica,NA,NA,1,Menor preço,2,Homologado,5,Não se aplica,FALSE,2024-08-30T07:45:13Z,2024-09-19T13:55:20Z,TRUE,0,FALSE,FALSE,NA,NA,NA,NA,NA,NA,NA,NA,https://pncp.gov.br/api/pncp/v1/orgaos/46381000002123/compras/2024/31/itens,200,miconazol nitrato,9717,https://pncp.gov.br/api/pncp/v1/orgaos/46381000002123/compras/2024/31/itens/10/resultados,https://pncp.gov.br/api/pncp/v1/orgaos/46381000002123/compras/2024/31
7,Dexametasona 0 1 mg ml elixir  frasco com 120 ml  via de administracao oral  uso adulto e pediatrico.   Embalagem unitaria.,M,Material,2.9,29,10,UNIDADE,FALSE,3,Não se aplica,NA,NA,1,Menor preço,2,Homologado,5,Não se aplica,FALSE,2024-08-01T12:21:34Z,2024-08-01T12:26:39Z,TRUE,0,FALSE,FALSE,NA,NA,NA,NA,NA,NA,NA,NA,https://pncp.gov.br/api/pncp/v1/orgaos/14986862000140/compras/2024/21/itens,200,dexametasona mg ml elixir frasco com ml via de administracao oral uso adulto e pediatrico embalagem unitaria,6143,https://pncp.gov.br/api/pncp/v1/orgaos/14986862000140/compras/2024/21/itens/7/resultados,https://pncp.gov.br/api/pncp/v1/orgaos/14986862000140/compras/2024/21
2,SORO GLICOFISIOLOGICO 0500ML,M,Material,287.5,862.5,3,UN,FALSE,3,Não se aplica,NA,NA,1,Menor preço,2,Homologado,5,Não se aplica,FALSE,2024-08-08T14:40:08Z,2024-08-08T15:31:11Z,TRUE,0,FALSE,FALSE,NA,NA,NA,NA,NA,NA,NA,NA,https://pncp.gov.br/api/pncp/v1/orgaos/11479560000197/compras/2024/47/itens,200,soro glicofisiologico ml,1289,https://pncp.gov.br/api/pncp/v1/orgaos/11479560000197/compras/2024/47/itens/2/resultados,https://pncp.gov.br/api/pncp/v1/orgaos/11479560000197/compras/2024/47
1,Probiótico,M,Material,7.44,34596,4650,Comprimido,FALSE,3,Não se aplica,NA,NA,1,Menor preço,1,Em andamento,5,Não se aplica,FALSE,2024-11-12T07:20:20Z,2024-11-12T07:20:20Z,FALSE,0,FALSE,FALSE,NA,NA,NA,NA,NA,NA,NA,NA,https://pncp.gov.br/api/pncp/v1/orgaos/29112760000172/compras/2024/96/itens,200,probiotico,19584,https://pncp.gov.br/api/pncp/v1/orgaos/29112760000172/compras/2024/96/itens/1/resultados,https://pncp.gov.br/api/pncp/v1/orgaos/29112760000172/compras/2024/96
4666022,"Álcool Etílico Hidratado. Composição: Água Deionizada e Desnaturante. Nas versões sem perfume, Herbal e Lavanda. Especificação: Liquido límpido, incolor, volátil e de odor característico de álcool. pH: 6,0 – 8,0 Massa Especifica a 20 °C (kg/m³): 920,8 a 923,0 Teor Alcoólico (° INPM): 45,8º a 46,8° Faixa de temperatura de ebulição: 77 ºC a 101,325 kPa (760 mmHg) Ponto de Fusão / Fulgor: -128 ºC / 35 °C Temperaturas de auto-ignição: > 400 ºC.Teor Alcoólico (°INPM) Graduação alcoólica (INPM): 46,2º Graduação alcoólica (Gay-Lussac): 54º Densidade: 0,9135 g/L MATERIAL DE ACONDICIONAMENTO: Frasco de 1L.  Com registro na Anvisa",M,Material,7.58,60640,8000,Litro,FALSE,3,Não se aplica,NA,NA,1,Menor preço,2,Homologado,1,Participação exclusiva para ME/EPP,FALSE,2024-08-20T09:07:00Z,2024-09-16T08:47:02Z,TRUE,0,FALSE,FALSE,NA,NA,NA,NA,NA,NA,NA,NA,https://pncp.gov.br/api/pncp/v1/orgaos/16781346000104/compras/2024/154/itens,200,alcool etilico hidratado composicao agua deionizada e desnaturante nas versoes sem perfume herbal e lavanda especificacao liquido limpido incolor volatil e de odor caracteristico de alcool ph massa especifica a °c kg m³ a teor alcoolico ° inpm º a ° faixa de temperatura de ebulicao ºc a kpa mmhg ponto de fusao fulgor ºc °c temperaturas de auto ignicao > ºc teor alcoolico °inpm graduacao alcoolica inpm º graduacao alcoolica gay lussac º densidade g l material de acondicionamento frasco de l com registro na anvisa,2259,https://pncp.gov.br/api/pncp/v1/orgaos/16781346000104/compras/2024/154/itens/4666022/resultados,https://pncp.gov.br/api/pncp/v1/orgaos/16781346000104/compras/2024/154
78352,"MORFINA, sulfato de, 0,2mg/mL, solucao injetavel 1mL.",M,Material,2.89,144.5,50,Un,FALSE,3,Não se aplica,NA,NA,7,Não se aplica,1,Em andamento,4,Sem benefício,FALSE,2024-08-21T16:46:04Z,2024-08-21T16:46:04Z,FALSE,0,FALSE,FALSE,NA,NA,NA,NA,NA,NA,NA,NA,https://pncp.gov.br/api/pncp/v1/orgaos/13937149000143/compras/2024/2441/itens,200,morfina sulfato de mg ml solucao injetavel ml,9907,https://pncp.gov.br/api/pncp/v1/orgaos/13937149000143/compras/2024/2441/itens/78352/resultados,https://pncp.gov.br/api/pncp/v1/orgaos/13937149000143/compras/2024/2441
8,Mesna,M,Material,8.13,19512,2400,"Ampola 4,00 ML",FALSE,3,Não se aplica,NA,NA,1,Menor preço,5,Fracassado,5,Não se aplica,FALSE,2024-09-27T07:34:43Z,2024-10-14T15:11:54Z,FALSE,0,FALSE,FALSE,NA,NA,NA,NA,NA,NA,NA,NA,https://pncp.gov.br/api/pncp/v1/orgaos/12474705000120/compras/2024/225/itens,200,mesna,9678,https://pncp.gov.br/api/pncp/v1/orgaos/12474705000120/compras/2024/225/itens/8/resultados,https://pncp.gov.br/api/pncp/v1/orgaos/12474705000120/compras/2024/225
1,Apalutamida,M,Material,98.83,94879.1,960,Comprimido,FALSE,3,Não se aplica,NA,NA,1,Menor preço,2,Homologado,3,Cota reservada para ME/EPP,FALSE,2024-11-25T08:35:07Z,2024-12-27T10:57:21Z,TRUE,0,FALSE,FALSE,NA,NA,NA,NA,NA,NA,NA,NA,https://pncp.gov.br/api/pncp/v1/orgaos/46374500000194/compras/2024/9913/itens,200,apalutamida,19669,https://pncp.gov.br/api/pncp/v1/orgaos/46374500000194/compras/2024/9913/itens/1/resultados,https://pncp.gov.br/api/pncp/v1/orgaos/46374500000194/compras/2024/9913
4,"Cloridrato De Duloxetina, 60 Mg Cap Dura Lib Retard",M,Material,5.38,11620.8,2160,UNIDADE,FALSE,3,Não se aplica,NA,NA,1,Menor preço,1,Em andamento,4,Sem benefício,FALSE,2024-08-16T14:28:14Z,2024-08-16T14:28:14Z,FALSE,0,FALSE,FALSE,NA,NA,NA,NA,NA,NA,NA,NA,https://pncp.gov.br/api/pncp/v1/orgaos/01409580000138/compras/2024/1522/itens,200,cloridrato de duloxetina mg cap dura lib retard,18630,https://pncp.gov.br/api/pncp/v1/orgaos/01409580000138/compras/2024/1522/itens/4/resultados,https://pncp.gov.br/api/pncp/v1/orgaos/01409580000138/compras/2024/1522
8,Bupivacaína Cloridrato,M,Material,25.56,1712.52,67,"Frasco 20,00 ML",FALSE,3,Não se aplica,NA,NA,1,Menor preço,2,Homologado,5,Não se aplica,FALSE,2024-08-29T07:10:44Z,2024-10-10T17:58:14Z,TRUE,0,FALSE,FALSE,NA,NA,NA,NA,NA,NA,NA,NA,https://pncp.gov.br/api/pncp/v1/orgaos/15126437000143/compras/2024/2593/itens,200,bupivacaina cloridrato,5144,https://pncp.gov.br/api/pncp/v1/orgaos/15126437000143/compras/2024/2593/itens/8/resultados,https://pncp.gov.br/api/pncp/v1/orgaos/15126437000143/compras/2024/2593
6,"(3148572) - DIMETICONA - CONCENTRACAO/DOSAGEM 75 MG/ML,FORMA FARMACEUTICA EMULSAO ORAL,FORMA DE APRESENTACAO FRASCO,VIA DE ADMINISTRACAO ORAL",M,Material,0.01,881,88100,FS 10 ML,FALSE,3,Não se aplica,NA,NA,7,Não se aplica,2,Homologado,4,Sem benefício,FALSE,2024-12-12T08:02:40Z,2025-01-14T16:03:49Z,TRUE,0,FALSE,FALSE,NA,NA,NA,NA,NA,NA,NA,NA,NA,"NA,NA,NA,NA,NA,NA,NA,NA,NA,NA,""https://pncp.gov.br/api/pncp/v1/orgaos/10572048000128/compras/2024/1640/itens"",200",dimeticona concentracao dosagem mg ml forma farmaceutica emulsao oral forma de apresentacao frasco via de administracao oral,6216,NA/6/resultados,NA
2,LORATADINA 10 MG,M,Material,0.4322,86452,200000,COMPRIMIDO,FALSE,3,Não se aplica,NA,NA,1,Menor preço,2,Homologado,4,Sem benefício,FALSE,2024-11-12T13:14:09Z,2024-11-12T13:14:10Z,TRUE,0,FALSE,FALSE,NA,NA,NA,NA,NA,NA,NA,NA,https://pncp.gov.br/api/pncp/v1/orgaos/46634564000187/compras/2024/1357/itens,200,loratadina mg,8919,https://pncp.gov.br/api/pncp/v1/orgaos/46634564000187/compras/2024/1357/itens/2/resultados,https://pncp.gov.br/api/pncp/v1/orgaos/46634564000187/compras/2024/1357
5,"DESFERROXAMINA MESILATO, FRASCO/AMPOLA, 500MG, PO LIOFILIZADO PARA SOLUCAO INJETAVEL, UNIDADE 1.0 FRASCO / AMPOLA",M,Material,38.4167,139260.54,3625,UNIDADE 1.0 FRASCO / AMPOLA,FALSE,3,Não se aplica,NA,NA,1,Menor preço,2,Homologado,4,Sem benefício,FALSE,2024-08-14T08:06:14Z,2025-01-13T09:24:59Z,TRUE,0,FALSE,FALSE,NA,NA,NA,NA,NA,NA,NA,NA,https://pncp.gov.br/api/pncp/v1/orgaos/07954480000179/compras/2024/12206/itens,200,desferroxamina mesilato frasco ampola mg po liofilizado para solucao injetavel unidade frasco ampola,9672,https://pncp.gov.br/api/pncp/v1/orgaos/07954480000179/compras/2024/12206/itens/5/resultados,https://pncp.gov.br/api/pncp/v1/orgaos/07954480000179/compras/2024/12206
1249010,"DESMOPRESSINA, acetato, 4mcg/ml, solucao injetavel, ampola com 1ml.",M,Material,44.32,4432,100,Un,FALSE,3,Não se aplica,NA,NA,7,Não se aplica,1,Em andamento,4,Sem benefício,FALSE,2024-10-25T12:08:45Z,2024-10-25T12:08:45Z,FALSE,0,FALSE,FALSE,NA,NA,NA,NA,NA,NA,NA,NA,https://pncp.gov.br/api/pncp/v1/orgaos/05816630000152/compras/2024/6843/itens,200,desmopressina acetato mcg ml solucao injetavel ampola com ml,6106,https://pncp.gov.br/api/pncp/v1/orgaos/05816630000152/compras/2024/6843/itens/1249010/resultados,https://pncp.gov.br/api/pncp/v1/orgaos/05816630000152/compras/2024/6843
2,"NARATRIPTANA CLORIDRATO, 2,5MG, COMPRIMIDO REVESTIDO, UNIDADE 1.0 COMPRIMIDO",M,Material,2.76,993.6,360,UNIDADE 1.0 COMPRIMIDO,FALSE,3,Não se aplica,NA,NA,1,Menor preço,1,Em andamento,5,Não se aplica,FALSE,2024-08-20T10:17:18Z,2024-08-20T10:17:18Z,FALSE,0,FALSE,FALSE,NA,NA,NA,NA,NA,NA,NA,NA,https://pncp.gov.br/api/pncp/v1/orgaos/07954480000179/compras/2024/12719/itens,200,naratriptana cloridrato mg comprimido revestido unidade comprimido,15191,https://pncp.gov.br/api/pncp/v1/orgaos/07954480000179/compras/2024/12719/itens/2/resultados,https://pncp.gov.br/api/pncp/v1/orgaos/07954480000179/compras/2024/12719
2,Acessório bomba insulina,M,Material,0,0,60,Unidade,TRUE,3,Não se aplica,NA,NA,1,Menor preço,5,Fracassado,5,Não se aplica,FALSE,2024-09-23T07:14:02Z,2024-10-09T16:33:31Z,FALSE,0,FALSE,FALSE,NA,NA,NA,NA,NA,NA,NA,NA,https://pncp.gov.br/api/pncp/v1/orgaos/13864377000130/compras/2024/1316/itens,200,acessorio bomba insulina,8428,https://pncp.gov.br/api/pncp/v1/orgaos/13864377000130/compras/2024/1316/itens/2/resultados,https://pncp.gov.br/api/pncp/v1/orgaos/13864377000130/compras/2024/1316
9,"(3108155) - BROMOPRIDA - CONCENTRACAO/DOSAGEM 5 MG/ML,FORMA FARMACEUTICA SOLUCAO INJETAVEL,FORMA DE APRESENTACAO AMPOLA,VIA DE ADMINISTRACAO PARENTERAL",M,Material,1.374,480.9,350,AMP,FALSE,3,Não se aplica,NA,NA,7,Não se aplica,1,Em andamento,4,Sem benefício,FALSE,2024-11-25T11:09:48Z,2024-11-25T11:09:48Z,FALSE,0,FALSE,FALSE,NA,NA,NA,NA,NA,NA,NA,NA,https://pncp.gov.br/api/pncp/v1/orgaos/40817926000199/compras/2024/95/itens,200,bromoprida concentracao dosagem mg ml forma farmaceutica solucao injetavel forma de apresentacao ampola via de administracao parenteral,3929,https://pncp.gov.br/api/pncp/v1/orgaos/40817926000199/compras/2024/95/itens/9/resultados,https://pncp.gov.br/api/pncp/v1/orgaos/40817926000199/compras/2024/95
6,Amoxicilina,M,Material,4.1,28413,6930,Cápsula,FALSE,3,Não se aplica,NA,NA,1,Menor preço,2,Homologado,5,Não se aplica,FALSE,2024-12-09T07:06:09Z,2024-12-27T10:49:44Z,TRUE,0,FALSE,FALSE,NA,NA,30041012,NA,NA,NA,NA,NA,https://pncp.gov.br/api/pncp/v1/orgaos/46374500000194/compras/2024/10738/itens,200,amoxicilina,2436,https://pncp.gov.br/api/pncp/v1/orgaos/46374500000194/compras/2024/10738/itens/6/resultados,https://pncp.gov.br/api/pncp/v1/orgaos/46374500000194/compras/2024/10738
9,NORFLOXACINO 400 MG NORFLOXACINO 400 MGCOMPRIMIDOS.CAIXA COM NO MAXIMO 500 COMPRIMIDOS - BLISTER OU STRIPS DE 10 A 20 COMPRIMIDOS.- N. R.M.S. / LOTE.- DATA FABRICACAO / VALIDADE.,M,Material,0.345,3795,11000,COM,FALSE,3,Não se aplica,Nao se Aplica,Nao se Aplica,7,Não se aplica,1,Em andamento,4,Sem benefício,FALSE,2024-08-09T16:50:10Z,2024-08-09T16:50:10Z,FALSE,0,FALSE,FALSE,NA,NA,NA,NA,NA,NA,NA,NA,https://pncp.gov.br/api/pncp/v1/orgaos/46634044000174/compras/2024/156/itens,200,norfloxacino mg norfloxacino mgcomprimidos caixa com no maximo comprimidos blister ou strips de a comprimidos n r m s lote data fabricacao validade,16340,https://pncp.gov.br/api/pncp/v1/orgaos/46634044000174/compras/2024/156/itens/9/resultados,https://pncp.gov.br/api/pncp/v1/orgaos/46634044000174/compras/2024/156
9,SUPORTE DE SORO - ESPECIFICAÇÃO- MATERIAL AÇO INOXIDÁVEL / PEDESTAL,M,Material,318.2733,5728.9194,18,UND,FALSE,3,Não se aplica,NA,NA,1,Menor preço,1,Em andamento,4,Sem benefício,FALSE,2024-08-30T09:23:27Z,2024-09-18T10:11:21Z,FALSE,0,FALSE,FALSE,NA,NA,NA,NA,NA,NA,NA,NA,https://pncp.gov.br/api/pncp/v1/orgaos/02391654000119/compras/2024/159/itens,200,suporte de soro especificacao material aco inoxidavel pedestal,1289,https://pncp.gov.br/api/pncp/v1/orgaos/02391654000119/compras/2024/159/itens/9/resultados,https://pncp.gov.br/api/pncp/v1/orgaos/02391654000119/compras/2024/159
3,Álcool etílico limpeza de ambientes,M,Material,0,0,450,"Caixa 12,00 L",TRUE,3,Não se aplica,NA,NA,1,Menor preço,3,Anulado/Revogado/Cancelado,5,Não se aplica,FALSE,2024-12-05T07:08:44Z,2024-12-18T08:53:24Z,FALSE,0,FALSE,FALSE,NA,NA,NA,NA,NA,NA,NA,NA,https://pncp.gov.br/api/pncp/v1/orgaos/05995766000177/compras/2024/10/itens,200,alcool etilico limpeza de ambientes,2259,https://pncp.gov.br/api/pncp/v1/orgaos/05995766000177/compras/2024/10/itens/3/resultados,https://pncp.gov.br/api/pncp/v1/orgaos/05995766000177/compras/2024/10
8,Multivitaminas,M,Material,2.3364,16822.08,7200,Comprimido,FALSE,3,Não se aplica,NA,NA,1,Menor preço,4,Deserto,5,Não se aplica,FALSE,2024-10-21T07:13:00Z,2024-11-01T10:00:19Z,FALSE,0,FALSE,FALSE,NA,NA,NA,NA,NA,NA,NA,NA,https://pncp.gov.br/api/pncp/v1/orgaos/27080605000196/compras/2024/341/itens,200,multivitaminas,15398,https://pncp.gov.br/api/pncp/v1/orgaos/27080605000196/compras/2024/341/itens/8/resultados,https://pncp.gov.br/api/pncp/v1/orgaos/27080605000196/compras/2024/341
8,"Cota Reservada - TIOTROPIO BROMETO 2,5MCG/DOSE SOLUCAO INALANTE 4ML 60 DOSES",M,Material,286.8,286.8,1,FRASCO,FALSE,3,Não se aplica,NA,NA,1,Menor preço,1,Em andamento,5,Não se aplica,TRUE,2024-12-16T13:14:32Z,2024-12-16T13:14:32Z,FALSE,0,FALSE,FALSE,NA,NA,NA,NA,NA,NA,NA,NA,https://pncp.gov.br/api/pncp/v1/orgaos/45780103000150/compras/2024/1613/itens,200,cota reservada tiotropio brometo mcg dose solucao inalante ml doses,18192,https://pncp.gov.br/api/pncp/v1/orgaos/45780103000150/compras/2024/1613/itens/8/resultados,https://pncp.gov.br/api/pncp/v1/orgaos/45780103000150/compras/2024/1613
9,"FÓRMULA INFANTIL PARA LACTENTES DE 6 A 12 MESES 800GR  Soro de leite desmineralizado, lactose, oleína de palma, leite desnatado, maltodextrina, óleo de palmiste, galactooligossacarídeos, óle",M,Material,0,0,250,Unidade,TRUE,3,Não se aplica,nao_se_aplica,nao_se_aplica,1,Menor preço,1,Em andamento,1,Participação exclusiva para ME/EPP,FALSE,2024-09-18T13:31:34Z,2024-09-18T13:31:34Z,FALSE,0,FALSE,FALSE,NA,NA,NA,NA,NA,NA,NA,NA,https://pncp.gov.br/api/pncp/v1/orgaos/01612516000150/compras/2024/289/itens,200,formula infantil para lactentes de a meses gr soro de leite desmineralizado lactose oleina de palma leite desnatado maltodextrina oleo de palmiste galactooligossacarideos ole,1289,https://pncp.gov.br/api/pncp/v1/orgaos/01612516000150/compras/2024/289/itens/9/resultados,https://pncp.gov.br/api/pncp/v1/orgaos/01612516000150/compras/2024/289
5,"ETOMIDATO 2MG/ML - 10ML, SOLUÇÃO INJETÁVEL",M,Material,19.4,4850,250,AMP,FALSE,3,Não se aplica,NA,NA,1,Menor preço,1,Em andamento,4,Sem benefício,FALSE,2024-11-22T08:11:05Z,2024-11-22T08:11:05Z,FALSE,0,FALSE,FALSE,NA,NA,NA,NA,NA,NA,NA,NA,https://pncp.gov.br/api/pncp/v1/orgaos/13845466000130/compras/2024/170/itens,200,etomidato mg ml ml solucao injetavel,7232,https://pncp.gov.br/api/pncp/v1/orgaos/13845466000130/compras/2024/170/itens/5/resultados,https://pncp.gov.br/api/pncp/v1/orgaos/13845466000130/compras/2024/170
2,Clorexidina Digluconato,M,Material,46.2,46.2,1,"Frasco 1000,00 ML",FALSE,3,Não se aplica,NA,NA,1,Menor preço,2,Homologado,1,Participação exclusiva para ME/EPP,FALSE,2024-09-05T13:08:58Z,2024-10-03T13:45:54Z,TRUE,0,FALSE,FALSE,NA,NA,NA,NA,NA,NA,NA,NA,https://pncp.gov.br/api/pncp/v1/orgaos/00394502000144/compras/2024/11374/itens,200,clorexidina digluconato,17357,https://pncp.gov.br/api/pncp/v1/orgaos/00394502000144/compras/2024/11374/itens/2/resultados,https://pncp.gov.br/api/pncp/v1/orgaos/00394502000144/compras/2024/11374
7,"ANTIINFLAMATORIO, PRINCIPIO ATIVO FENILBUTAZONA, APRESENTACAO LIQUIDO INJETAVEL,TIPO USO VETERINARIO",M,Material,38.55,3855,100,UNIDADE (UN),FALSE,3,Não se aplica,NA,NA,1,Menor preço,2,Homologado,4,Sem benefício,FALSE,2024-10-29T10:49:51Z,2024-11-25T16:51:23Z,TRUE,0,FALSE,FALSE,NA,NA,NA,NA,NA,NA,NA,NA,https://pncp.gov.br/api/pncp/v1/orgaos/88566872000162/compras/2024/613/itens,200,antiinflamatorio principio ativo fenilbutazona apresentacao liquido injetavel tipo uso veterinario,17842,https://pncp.gov.br/api/pncp/v1/orgaos/88566872000162/compras/2024/613/itens/7/resultados,https://pncp.gov.br/api/pncp/v1/orgaos/88566872000162/compras/2024/613
1,Álcool Etílico,M,Material,0,0,3540,"Frasco 100,00 ML",TRUE,3,Não se aplica,NA,NA,1,Menor preço,1,Em andamento,1,Participação exclusiva para ME/EPP,FALSE,2024-12-12T07:46:47Z,2024-12-12T07:46:47Z,FALSE,0,FALSE,FALSE,NA,NA,NA,NA,NA,NA,NA,NA,NA,"NA,NA,NA,NA,NA,NA,NA,NA,NA,NA,""https://pncp.gov.br/api/pncp/v1/orgaos/46374500000194/compras/2024/10942/itens"",200",alcool etilico,2259,NA/1/resultados,NA
1,ACEBROFILINA 05 MG/ML XAROPE 120 ML,M,Material,6.13,73.56,12,FRASCO,FALSE,3,Não se aplica,NA,NA,1,Menor preço,4,Deserto,4,Sem benefício,FALSE,2024-08-30T10:13:30Z,2024-09-13T09:20:44Z,FALSE,0,FALSE,FALSE,NA,NA,NA,NA,NA,NA,NA,NA,https://pncp.gov.br/api/pncp/v1/orgaos/01098929000168/compras/2024/20/itens,200,acebrofilina mg ml xarope ml,14456,https://pncp.gov.br/api/pncp/v1/orgaos/01098929000168/compras/2024/20/itens/1/resultados,https://pncp.gov.br/api/pncp/v1/orgaos/01098929000168/compras/2024/20
1,"Ácido Bórico, solução a 3%, Frasco 100ml",M,Material,4.62,277.2,60,FRS,FALSE,3,Não se aplica,NA,NA,1,Menor preço,4,Deserto,4,Sem benefício,FALSE,2024-10-30T13:48:07Z,2024-10-30T13:48:09Z,FALSE,0,FALSE,FALSE,NA,NA,NA,NA,NA,NA,NA,NA,https://pncp.gov.br/api/pncp/v1/orgaos/45167111000125/compras/2024/42/itens,200,acido borico solucao a frasco ml,17759,https://pncp.gov.br/api/pncp/v1/orgaos/45167111000125/compras/2024/42/itens/1/resultados,https://pncp.gov.br/api/pncp/v1/orgaos/45167111000125/compras/2024/42
9,Fentanila,M,Material,0,0,200,"Ampola 2,00 ML",TRUE,3,Não se aplica,NA,NA,1,Menor preço,1,Em andamento,1,Participação exclusiva para ME/EPP,FALSE,2024-08-14T07:11:58Z,2024-08-14T07:11:58Z,TRUE,0,FALSE,FALSE,NA,NA,NA,NA,NA,NA,NA,NA,https://pncp.gov.br/api/pncp/v1/orgaos/46374500000194/compras/2024/5289/itens,200,fentanila,7364,https://pncp.gov.br/api/pncp/v1/orgaos/46374500000194/compras/2024/5289/itens/9/resultados,https://pncp.gov.br/api/pncp/v1/orgaos/46374500000194/compras/2024/5289
2,ALTEPLASE50 MG (ACTILYSE) REGISTRO PELA ANVISA COM DILUENTE,M,Material,3075.57,12302.28,4,UN,FALSE,3,Não se aplica,NA,NA,1,Menor preço,1,Em andamento,4,Sem benefício,FALSE,2024-08-26T11:51:37Z,2024-08-26T11:51:37Z,FALSE,0,FALSE,FALSE,NA,NA,NA,NA,NA,NA,NA,NA,https://pncp.gov.br/api/pncp/v1/orgaos/11285282000137/compras/2024/47/itens,200,alteplase mg actilyse registro pela anvisa com diluente,2365,https://pncp.gov.br/api/pncp/v1/orgaos/11285282000137/compras/2024/47/itens/2/resultados,https://pncp.gov.br/api/pncp/v1/orgaos/11285282000137/compras/2024/47
8,Glicerol,M,Material,13.6,2720,200,"Frasco 500,00 ML",FALSE,3,Não se aplica,NA,NA,1,Menor preço,2,Homologado,5,Não se aplica,FALSE,2024-08-23T09:14:59Z,2024-09-10T12:02:40Z,TRUE,0,FALSE,FALSE,NA,NA,NA,NA,NA,NA,NA,NA,https://pncp.gov.br/api/pncp/v1/orgaos/46374500000194/compras/2024/5755/itens,200,glicerol,14671,https://pncp.gov.br/api/pncp/v1/orgaos/46374500000194/compras/2024/5755/itens/8/resultados,https://pncp.gov.br/api/pncp/v1/orgaos/46374500000194/compras/2024/5755
6,Insulina degludeca 100U/ML refil c/3mL,M,Material,719,35950,50,refil (R),FALSE,3,Não se aplica,NA,NA,7,Não se aplica,1,Em andamento,5,Não se aplica,FALSE,2024-08-16T14:57:22Z,2024-08-16T14:57:22Z,FALSE,0,FALSE,FALSE,NA,NA,NA,NA,NA,NA,NA,NA,https://pncp.gov.br/api/pncp/v1/orgaos/12092636000190/compras/2024/85/itens,200,insulina degludeca u ml refil c ml,8428,https://pncp.gov.br/api/pncp/v1/orgaos/12092636000190/compras/2024/85/itens/6/resultados,https://pncp.gov.br/api/pncp/v1/orgaos/12092636000190/compras/2024/85
4,Melfalana,M,Material,0,0,350,Frasco-Ampola,TRUE,3,Não se aplica,NA,NA,1,Menor preço,4,Deserto,1,Participação exclusiva para ME/EPP,FALSE,2024-08-21T09:17:05Z,2024-09-05T09:30:00Z,FALSE,0,FALSE,FALSE,NA,NA,NA,NA,NA,NA,NA,NA,https://pncp.gov.br/api/pncp/v1/orgaos/46068425000133/compras/2024/698/itens,200,melfalana,9589,https://pncp.gov.br/api/pncp/v1/orgaos/46068425000133/compras/2024/698/itens/4/resultados,https://pncp.gov.br/api/pncp/v1/orgaos/46068425000133/compras/2024/698
4,Ciclosporina,M,Material,7.75,5430.04,700,Cápsula,FALSE,3,Não se aplica,NA,NA,1,Menor preço,2,Homologado,5,Não se aplica,FALSE,2024-11-04T07:28:04Z,2024-11-26T14:31:09Z,TRUE,0,FALSE,FALSE,NA,NA,NA,NA,NA,NA,NA,NA,https://pncp.gov.br/api/pncp/v1/orgaos/12474705000120/compras/2024/273/itens,200,ciclosporina,4988,https://pncp.gov.br/api/pncp/v1/orgaos/12474705000120/compras/2024/273/itens/4/resultados,https://pncp.gov.br/api/pncp/v1/orgaos/12474705000120/compras/2024/273
2,"ACECLOFENACO, DOSAGEM:100 MG",M,Material,0,0,1000,COMP,TRUE,3,Não se aplica,NA,NA,1,Menor preço,1,Em andamento,4,Sem benefício,FALSE,2024-08-20T16:40:05Z,2024-08-20T16:40:05Z,FALSE,0,FALSE,FALSE,NA,NA,NA,NA,NA,NA,NA,NA,https://pncp.gov.br/api/pncp/v1/orgaos/03008926000111/compras/2024/24/itens,200,aceclofenaco dosagem mg,1622,https://pncp.gov.br/api/pncp/v1/orgaos/03008926000111/compras/2024/24/itens/2/resultados,https://pncp.gov.br/api/pncp/v1/orgaos/03008926000111/compras/2024/24
4,HIDROSMINA CR 200 MG,M,Material,1.28,230.4,180,CAP,FALSE,3,Não se aplica,Nao se Aplica,Nao se Aplica,1,Menor preço,2,Homologado,4,Sem benefício,FALSE,2024-08-05T13:31:08Z,2024-08-05T13:31:15Z,TRUE,0,FALSE,FALSE,NA,NA,NA,NA,NA,NA,NA,NA,https://pncp.gov.br/api/pncp/v1/orgaos/46200846000176/compras/2024/4007/itens,200,hidrosmina cr mg,19533,https://pncp.gov.br/api/pncp/v1/orgaos/46200846000176/compras/2024/4007/itens/4/resultados,https://pncp.gov.br/api/pncp/v1/orgaos/46200846000176/compras/2024/4007
2,SORO FISIOLÓGICO BOLSA ESTÉRIL SISTEMA FECHADO USO INT 250ML,M,Material,9.2866,928.66,100,UNIDADE,FALSE,3,Não se aplica,NA,NA,1,Menor preço,1,Em andamento,4,Sem benefício,FALSE,2024-08-28T16:11:06Z,2024-08-28T16:11:06Z,FALSE,0,FALSE,FALSE,NA,NA,NA,NA,NA,NA,NA,NA,https://pncp.gov.br/api/pncp/v1/orgaos/45200029000155/compras/2024/25/itens,200,soro fisiologico bolsa esteril sistema fechado uso int ml,1289,https://pncp.gov.br/api/pncp/v1/orgaos/45200029000155/compras/2024/25/itens/2/resultados,https://pncp.gov.br/api/pncp/v1/orgaos/45200029000155/compras/2024/25
6,"CARBAMAZEPINA, DOSAGEM: 200MG, APRESENTAÇÃO: LIBERAÇÃO CONTROLADA CÓD BR 0272458",M,Material,0.19,2850,15000,COMPRIMIDO (COMP),FALSE,3,Não se aplica,NA,NA,1,Menor preço,4,Deserto,4,Sem benefício,FALSE,2024-08-30T08:50:43Z,2024-09-24T14:02:54Z,FALSE,0,FALSE,FALSE,NA,NA,NA,NA,NA,NA,NA,NA,https://pncp.gov.br/api/pncp/v1/orgaos/75587204000170/compras/2024/192/itens,200,carbamazepina dosagem mg apresentacao liberacao controlada cod br,4509,https://pncp.gov.br/api/pncp/v1/orgaos/75587204000170/compras/2024/192/itens/6/resultados,https://pncp.gov.br/api/pncp/v1/orgaos/75587204000170/compras/2024/192
3,"Ar Condicionado Split Inverter 18000 Btus Quente e Frio 220v Garantia Inigualável: 10 anos no compressor e 5 anos no produto. Resistência e Segurança: Painel principal e chassi em plástico ABS, garantindo resistência mecânica superior e evitando o amarelamento. Caixa elétrica vedada em plástico BMC, impedindo a entrada de insetos e partículas. Tecnologia Avançada: Compressor Inverter com tecnologia de frequência variável, proporcionando alta performance e baixo nível de ruído. Placa de Controle Variável: Resistente a sobrecargas, sobrecorrentes e falta de fluido refrigerante, oferecendo confiabilidade e segurança. Serpentina em Cobre: Aletas com Proteção Goldenfin para maior resistência à maresia e camada hidrofílica facilitando a troca de calor. Placas Eletrônicas: Proteção contra umidade, poeira, insetos e variações de tensão com tripla camada de resina anticorrosão. Qualidade do Ar: Sistema de filtragem com Tela de Alta Densidade, Filtro Antibactéria, Filtro Íon de Prata, e Carvão Ativado, eliminando odores e agentes causadores de doenças respiratórias. Função iFeel: Controle remoto que detecta a temperatura ambiente e auxilia na manutenção do conforto térmico. Operação Silenciosa: Unidade evaporadora produz apenas 25 dB(A) de ruído, garantindo um ambiente tranquilo. Eficiência Energética: Equipado com fluido refrigerante R-32, com baixo potencial de aquecimento global e zero potencial de destruição da camada de ozônio.",M,Material,5538.01,71994.13,13,UNIDADE,FALSE,3,Não se aplica,NA,NA,1,Menor preço,1,Em andamento,4,Sem benefício,FALSE,2024-10-02T10:55:12Z,2024-10-02T10:55:12Z,FALSE,0,FALSE,FALSE,NA,NA,NA,NA,NA,NA,NA,NA,https://pncp.gov.br/api/pncp/v1/orgaos/14218952000190/compras/2024/90/itens,200,ar condicionado split inverter btus quente e frio v garantia inigualavel anos no compressor e anos no produto resistencia e seguranca painel principal e chassi em plastico abs garantindo resistencia mecanica superior e evitando o amarelamento caixa eletrica vedada em plastico bmc impedindo a entrada de insetos e particulas tecnologia avancada compressor inverter com tecnologia de frequencia variavel proporcionando alta performance e baixo nivel de ruido placa de controle variavel resistente a sobrecargas sobrecorrentes e falta de fluido refrigerante oferecendo confiabilidade e seguranca serpentina em cobre aletas com protecao goldenfin para maior resistencia a maresia e camada hidrofilica facilitando a troca de calor placas eletronicas protecao contra umidade poeira insetos e variacoes de tensao com tripla camada de resina anticorrosao qualidade do ar sistema de filtragem com tela de alta densidade filtro antibacteria filtro ion de prata e carvao ativado eliminando odores e agentes causadores de doencas respiratorias funcao ifeel controle remoto que detecta a temperatura ambiente e auxilia na manutencao do conforto termico operacao silenciosa unidade evaporadora produz apenas db a de ruido garantindo um ambiente tranquilo eficiencia energetica equipado com fluido refrigerante r com baixo potencial de aquecimento global e zero potencial de destruicao da camada de ozonio,18239,https://pncp.gov.br/api/pncp/v1/orgaos/14218952000190/compras/2024/90/itens/3/resultados,https://pncp.gov.br/api/pncp/v1/orgaos/14218952000190/compras/2024/90
3,"0009328 - Poltrona reclinável para nebulização Encosto com amortecedor pneumático que evita deslocamento brusco ao inclinar com retorno à posição normal. Acompanha: 01 concha e 01 suporte pra soro em cada lateral para apoio do braço, removível e ajustável na altura e inclinação. Braço articulável que se movimentam junto com a inclinação do encosto. Revestimento em courvim,estofados com espuma D23. Poltrona totalmente reclinável, em diversas posições acionados por manoplas laterais com acabamento em PVC. Encosto e apoio de pés sincronizados de modo à deslocarem-se conjuntamente através de amortecedor pneumático,evitando deslocamento brusco ao inclinar e auxiliando no retorno á posição normal. Pés com sapatas plásticas protetoras.",M,Material,0,0,1,Unidade,TRUE,3,Não se aplica,NA,NA,1,Menor preço,1,Em andamento,1,Participação exclusiva para ME/EPP,FALSE,2024-10-17T13:37:41Z,2024-10-17T13:37:41Z,FALSE,0,FALSE,FALSE,NA,NA,NA,NA,NA,NA,NA,NA,https://pncp.gov.br/api/pncp/v1/orgaos/08162687000173/compras/2024/189/itens,200,poltrona reclinavel para nebulizacao encosto com amortecedor pneumatico que evita deslocamento brusco ao inclinar com retorno a posicao normal acompanha concha e suporte pra soro em cada lateral para apoio do braco removivel e ajustavel na altura e inclinacao braco articulavel que se movimentam junto com a inclinacao do encosto revestimento em courvim estofados com espuma d poltrona totalmente reclinavel em diversas posicoes acionados por manoplas laterais com acabamento em pvc encosto e apoio de pes sincronizados de modo a deslocarem se conjuntamente atraves de amortecedor pneumatico evitando deslocamento brusco ao inclinar e auxiliando no retorno a posicao normal pes com sapatas plasticas protetoras,1289,https://pncp.gov.br/api/pncp/v1/orgaos/08162687000173/compras/2024/189/itens/3/resultados,https://pncp.gov.br/api/pncp/v1/orgaos/08162687000173/compras/2024/189
5,"Carbonato De Cálcio + Colecalciferol, 1250 Mg + 400 Ui Com Rev",M,Material,0.16,115.2,720,UNIDADE,FALSE,3,Não se aplica,NA,NA,1,Menor preço,1,Em andamento,4,Sem benefício,FALSE,2024-09-04T15:01:32Z,2024-09-04T15:01:32Z,FALSE,0,FALSE,FALSE,NA,NA,NA,NA,NA,NA,NA,NA,https://pncp.gov.br/api/pncp/v1/orgaos/01409580000138/compras/2024/1713/itens,200,carbonato de calcio + colecalciferol mg + ui com rev,15870,https://pncp.gov.br/api/pncp/v1/orgaos/01409580000138/compras/2024/1713/itens/5/resultados,https://pncp.gov.br/api/pncp/v1/orgaos/01409580000138/compras/2024/1713
2,"(3388506) - INSULINA GLARGINA - CONCENTRACAO/DOSAGEM 100 UI/ ML,FORMA FARMACEUTICA SOLUCAO INJETAVEL,FORMA DE APRESENTACAO FRASCO-AMPOLA,VIA DE ADMINISTRACAO SUBCUTANEA",M,Material,141.2656,4237.968,30,FA 10 ML,FALSE,3,Não se aplica,NA,NA,7,Não se aplica,1,Em andamento,4,Sem benefício,FALSE,2024-12-05T09:03:35Z,2024-12-05T09:03:35Z,FALSE,0,FALSE,FALSE,NA,NA,NA,NA,NA,NA,NA,NA,NA,"NA,NA,NA,NA,NA,NA,NA,NA,NA,NA,""https://pncp.gov.br/api/pncp/v1/orgaos/11022597001244/compras/2024/103/itens"",200",insulina glargina concentracao dosagem ui ml forma farmaceutica solucao injetavel forma de apresentacao frasco ampola via de administracao subcutanea,8428,NA/2/resultados,NA
10,TROPICAMIDA 10MG/ML FRASCO 5ML TROPICAMIDA 10MG/ML FRASCO 5ML COLIRIO - MEDICAMENTOS GERAIS DE USO HUMANO; TROPICAMIDA 10MG/ML; FORMA FARMACEUTICA SOLUCAO OFTALMICA; FORMA DE APRESENTACAO FRASCO CONTA-GOTA; VIA DE ADMINISTRACAO OFTALMICA.,M,Material,15.76,9456,600,Frasco,FALSE,3,Não se aplica,nao_se_aplica,nao_se_aplica,1,Menor preço,1,Em andamento,4,Sem benefício,FALSE,2024-12-13T10:49:26Z,2024-12-13T10:49:26Z,FALSE,0,FALSE,FALSE,NA,NA,NA,NA,NA,NA,NA,NA,https://pncp.gov.br/api/pncp/v1/orgaos/17893567000137/compras/2024/34/itens,200,tropicamida mg ml frasco ml tropicamida mg ml frasco ml colirio medicamentos gerais de uso humano tropicamida mg ml forma farmaceutica solucao oftalmica forma de apresentacao frasco conta gota via de administracao oftalmica,17906,https://pncp.gov.br/api/pncp/v1/orgaos/17893567000137/compras/2024/34/itens/10/resultados,https://pncp.gov.br/api/pncp/v1/orgaos/17893567000137/compras/2024/34
1,5676	ACIDO URSODESOXICOLICO 150MG CP /,M,Material,0.6602,99.03,150,cp,FALSE,3,Não se aplica,NA,NA,7,Não se aplica,2,Homologado,4,Sem benefício,FALSE,2024-12-27T14:21:01Z,2025-01-08T16:20:51Z,TRUE,0,FALSE,FALSE,NA,NA,NA,NA,NA,NA,NA,NA,NA,"NA,NA,NA,NA,NA,NA,NA,NA,NA,NA,""https://pncp.gov.br/api/pncp/v1/orgaos/13183513000127/compras/2024/234/itens"",200",acido ursodesoxicolico mg cp,2035,NA/1/resultados,NA
7,"COBERTURA DE NÃO TECIDO ABSORVENTE DE VISCOSE E POIÉSTER, IMPREGNADO COM 20% DE CLORETO DE SÓDIO, DESBRIDA DE FORMA EFICAZ AS NECROSES ÚMIDAS E PROMOVE A LIMPEZA DAS FERIDAS ALTAMENTE EXUDATIVAS E / OU INFECTADAS.O CURATIVO PODE PERMANECER ATÉ 24H NALESÃO TAMANHO 10X10CM.",M,Material,46.92,35190,750,UN,FALSE,3,Não se aplica,NA,NA,1,Menor preço,1,Em andamento,4,Sem benefício,FALSE,2024-11-22T14:50:38Z,2024-11-22T14:50:38Z,FALSE,0,FALSE,FALSE,NA,NA,NA,NA,NA,NA,NA,NA,https://pncp.gov.br/api/pncp/v1/orgaos/71989982000134/compras/2024/114/itens,200,cobertura de nao tecido absorvente de viscose e poiester impregnado com de cloreto de sodio desbrida de forma eficaz as necroses umidas e promove a limpeza das feridas altamente exudativas e ou infectadas o curativo pode permanecer ate h nalesao tamanho xcm,5118,https://pncp.gov.br/api/pncp/v1/orgaos/71989982000134/compras/2024/114/itens/7/resultados,https://pncp.gov.br/api/pncp/v1/orgaos/71989982000134/compras/2024/114
9,ALCOOL ETÍLICO HIDRATADO 70° INPM - 1 LITRO.,M,Material,8.68,4860.8,560,UN,FALSE,3,Não se aplica,NA,NA,1,Menor preço,1,Em andamento,1,Participação exclusiva para ME/EPP,FALSE,2024-11-18T19:35:31Z,2024-11-18T19:35:31Z,FALSE,0,FALSE,FALSE,NA,NA,NA,NA,NA,NA,NA,NA,https://pncp.gov.br/api/pncp/v1/orgaos/87613634000106/compras/2024/128/itens,200,alcool etilico hidratado ° inpm litro,2259,https://pncp.gov.br/api/pncp/v1/orgaos/87613634000106/compras/2024/128/itens/9/resultados,https://pncp.gov.br/api/pncp/v1/orgaos/87613634000106/compras/2024/128
3,"ALTEPLASE 50mg/50mL INJETÁVEL - CADA mL DA SOLUÇÃO RECONSTITUÍDA CONTÉM 1mg DE ALTEPLASE E OS EXCIPIENTES ARGININA, ÁCIDO FOSFÓRICO, POLISSORBATO 80 E ÁGUA P/ INJETÁVEIS; EMBALAGEM C/ 50mL DILUENTE E CÂNULA DE TRANSFERÊNCIA;  VALIDADE MÍNIMA DE 12 MESES DA DATA DE ENTREGA.",M,Material,2611.4533,313374.3999,120,Caixa,FALSE,3,Não se aplica,nao_se_aplica,nao_se_aplica,1,Menor preço,1,Em andamento,4,Sem benefício,FALSE,2024-10-30T09:00:20Z,2024-10-30T09:00:20Z,FALSE,0,FALSE,FALSE,NA,NA,NA,NA,NA,NA,NA,NA,https://pncp.gov.br/api/pncp/v1/orgaos/46578498000175/compras/2024/162/itens,200,alteplase mg ml injetavel cada ml da solucao reconstituida contem mg de alteplase e os excipientes arginina acido fosforico polissorbato e agua p injetaveis embalagem c ml diluente e canula de transferencia validade minima de meses da data de entrega,2365,https://pncp.gov.br/api/pncp/v1/orgaos/46578498000175/compras/2024/162/itens/3/resultados,https://pncp.gov.br/api/pncp/v1/orgaos/46578498000175/compras/2024/162
2,NIVOLUMABE 40MG OPDIVO SOL INJ CT 1 FA VD INC X 10 ML,M,Material,3460.93,48453.02,14,FRASCO,FALSE,3,Não se aplica,NA,NA,1,Menor preço,2,Homologado,4,Sem benefício,FALSE,2024-10-10T10:13:00Z,2024-10-10T10:13:07Z,TRUE,0,FALSE,FALSE,NA,NA,NA,NA,NA,NA,NA,NA,https://pncp.gov.br/api/pncp/v1/orgaos/03173317000118/compras/2024/208/itens,200,nivolumabe mg opdivo sol inj ct fa vd inc x ml,19399,https://pncp.gov.br/api/pncp/v1/orgaos/03173317000118/compras/2024/208/itens/2/resultados,https://pncp.gov.br/api/pncp/v1/orgaos/03173317000118/compras/2024/208
3,Metilprednisolona,M,Material,12.21,36630,3000,Frasco-Ampola,FALSE,3,Não se aplica,NA,NA,1,Menor preço,2,Homologado,1,Participação exclusiva para ME/EPP,FALSE,2024-10-16T07:06:15Z,2024-12-02T15:05:56Z,TRUE,0,FALSE,FALSE,NA,NA,NA,NA,NA,NA,NA,NA,https://pncp.gov.br/api/pncp/v1/orgaos/46374500000194/compras/2024/8251/itens,200,metilprednisolona,9699,https://pncp.gov.br/api/pncp/v1/orgaos/46374500000194/compras/2024/8251/itens/3/resultados,https://pncp.gov.br/api/pncp/v1/orgaos/46374500000194/compras/2024/8251
3,RISPERIDONA 2MG CX COM 30CPR,M,Material,19.9,796,40,UNIDADE,FALSE,3,Não se aplica,nao se aplica,nao se aplica,7,Não se aplica,1,Em andamento,5,Não se aplica,FALSE,2024-12-03T15:10:24Z,2024-12-03T15:10:24Z,FALSE,0,FALSE,FALSE,NA,NA,NA,NA,NA,NA,NA,NA,https://pncp.gov.br/api/pncp/v1/orgaos/22980999000115/compras/2024/167/itens,200,risperidona mg cx com cpr,11759,https://pncp.gov.br/api/pncp/v1/orgaos/22980999000115/compras/2024/167/itens/3/resultados,https://pncp.gov.br/api/pncp/v1/orgaos/22980999000115/compras/2024/167
3,Metiltionínio Cloreto,M,Material,0,0,200,"Ampola 5,00 ML",TRUE,3,Não se aplica,NA,NA,1,Menor preço,5,Fracassado,1,Participação exclusiva para ME/EPP,FALSE,2024-08-23T09:11:36Z,2024-10-23T11:05:47Z,FALSE,0,FALSE,FALSE,NA,NA,NA,NA,NA,NA,NA,NA,https://pncp.gov.br/api/pncp/v1/orgaos/46374500000194/compras/2024/5741/itens,200,metiltioninio cloreto,3182,https://pncp.gov.br/api/pncp/v1/orgaos/46374500000194/compras/2024/5741/itens/3/resultados,https://pncp.gov.br/api/pncp/v1/orgaos/46374500000194/compras/2024/5741
1,"Dieta Enteral aspecto físico: pó, uso: enteral e/ou oral, características: normocalórica, normoproteica, fonte de proteína: ptn isol.sj.e/ou casei.e/ou sr.lte e/ou isol.sr.lt, fonte de carboidrato: malto.e/ou sacarose e/ou xarope glicose, fonte de lipídios: óleos veg.e/ou tcm e/ou lec.soja, componentes adicionais: vit.,min. e fibras, características adicionais: isento glúten, c/ ou s/ lactose, sabor: c/sabor",M,Material,0.24,153600,640000,Grama,FALSE,3,Não se aplica,NA,NA,7,Não se aplica,2,Homologado,5,Não se aplica,FALSE,2024-08-07T16:58:09Z,2024-08-07T17:01:09Z,TRUE,0,FALSE,FALSE,NA,NA,NA,NA,NA,NA,NA,NA,https://pncp.gov.br/api/pncp/v1/orgaos/46374500000194/compras/2024/4997/itens,200,dieta enteral aspecto fisico po uso enteral e ou oral caracteristicas normocalorica normoproteica fonte de proteina ptn isol sj e ou casei e ou sr lte e ou isol sr lt fonte de carboidrato malto e ou sacarose e ou xarope glicose fonte de lipidios oleos veg e ou tcm e ou lec soja componentes adicionais vit min e fibras caracteristicas adicionais isento gluten c ou s lactose sabor c sabor,30049,https://pncp.gov.br/api/pncp/v1/orgaos/46374500000194/compras/2024/4997/itens/1/resultados,https://pncp.gov.br/api/pncp/v1/orgaos/46374500000194/compras/2024/4997
2,"DIESEL COMUM S500USO AUTOMOTIVO APRESENTAÇÃO COM BIODIESEL, CONCENTRAÇÃO DE ENXOFRE 500 MG/KG",M,Material,6.38,510400,80000,L,FALSE,3,Não se aplica,NA,NA,1,Menor preço,1,Em andamento,4,Sem benefício,FALSE,2024-08-30T14:59:20Z,2024-09-12T14:16:07Z,FALSE,0,FALSE,FALSE,NA,NA,NA,NA,NA,NA,NA,NA,https://pncp.gov.br/api/pncp/v1/orgaos/18137935000180/compras/2024/87/itens,200,diesel comum suso automotivo apresentacao com biodiesel concentracao de enxofre mg kg,7243,https://pncp.gov.br/api/pncp/v1/orgaos/18137935000180/compras/2024/87/itens/2/resultados,https://pncp.gov.br/api/pncp/v1/orgaos/18137935000180/compras/2024/87
8,Linagliptina,M,Material,8.1767,23548.89,2880,Comprimido,FALSE,3,Não se aplica,NA,NA,1,Menor preço,2,Homologado,5,Não se aplica,FALSE,2024-08-30T07:48:03Z,2024-10-11T11:58:06Z,TRUE,0,FALSE,FALSE,NA,NA,NA,NA,NA,NA,NA,NA,https://pncp.gov.br/api/pncp/v1/orgaos/08241739000105/compras/2024/772/itens,200,linagliptina,1652,https://pncp.gov.br/api/pncp/v1/orgaos/08241739000105/compras/2024/772/itens/8/resultados,https://pncp.gov.br/api/pncp/v1/orgaos/08241739000105/compras/2024/772
1,Álcool Etílico,M,Material,1.5,115200,76800,"Frasco 100,00 ML",FALSE,3,Não se aplica,NA,NA,1,Menor preço,2,Homologado,5,Não se aplica,FALSE,2024-08-30T07:52:46Z,2024-09-19T10:02:13Z,TRUE,0,FALSE,FALSE,NA,NA,NA,NA,NA,NA,NA,NA,https://pncp.gov.br/api/pncp/v1/orgaos/12474705000120/compras/2024/186/itens,200,alcool etilico,2259,https://pncp.gov.br/api/pncp/v1/orgaos/12474705000120/compras/2024/186/itens/1/resultados,https://pncp.gov.br/api/pncp/v1/orgaos/12474705000120/compras/2024/186
3,BUDESONIDA DOSAGEM: 64MCG CATMAT 452914,M,Material,20.24,2428.8,120,SUPENSÃO SPRAY,FALSE,3,Não se aplica,NA,NA,1,Menor preço,1,Em andamento,1,Participação exclusiva para ME/EPP,FALSE,2024-08-27T08:47:38Z,2024-08-27T08:47:38Z,FALSE,0,FALSE,FALSE,NA,NA,NA,NA,NA,NA,NA,NA,https://pncp.gov.br/api/pncp/v1/orgaos/12257765000190/compras/2024/12/itens,200,budesonida dosagem mcg catmat,3946,https://pncp.gov.br/api/pncp/v1/orgaos/12257765000190/compras/2024/12/itens/3/resultados,https://pncp.gov.br/api/pncp/v1/orgaos/12257765000190/compras/2024/12
10,"SORO GLICOSE 5% (SOLUÇÃO DE GLICOSE)  - ESPECIFICAÇÃO CONFORME TERMO DE REFERÊNCIA ANEXO AO EDITAL
Cota Referente ao item 9.",M,Material,0,0,1000,UNIDADE (UN.),TRUE,3,Não se aplica,NA,NA,1,Menor preço,1,Em andamento,3,Cota reservada para ME/EPP,FALSE,2024-11-12T13:26:30Z,2024-11-12T13:26:30Z,FALSE,0,FALSE,FALSE,NA,NA,NA,NA,NA,NA,NA,NA,https://pncp.gov.br/api/pncp/v1/orgaos/18659334000137/compras/2024/581/itens,200,soro glicose solucao de glicose especificacao conforme termo de referencia anexo ao edital cota referente ao item,1289,https://pncp.gov.br/api/pncp/v1/orgaos/18659334000137/compras/2024/581/itens/10/resultados,https://pncp.gov.br/api/pncp/v1/orgaos/18659334000137/compras/2024/581
9,DICLOFENACO SÓDICO 50MG,M,Material,0.11,27500,250000,COMPRIMIDO,FALSE,3,Não se aplica,null,null,1,Menor preço,1,Em andamento,5,Não se aplica,FALSE,2024-08-28T15:46:31Z,2024-08-28T15:46:31Z,FALSE,0,FALSE,FALSE,NA,NA,NA,NA,NA,NA,NA,NA,https://pncp.gov.br/api/pncp/v1/orgaos/13830336000123/compras/2024/107/itens,200,diclofenaco sodico mg,6171,https://pncp.gov.br/api/pncp/v1/orgaos/13830336000123/compras/2024/107/itens/9/resultados,https://pncp.gov.br/api/pncp/v1/orgaos/13830336000123/compras/2024/107
4,AGULHA PARA CANETA DE INSULINA,M,Material,0.45,9000,20000,UNIDADE,FALSE,3,Não se aplica,NA,NA,1,Menor preço,1,Em andamento,5,Não se aplica,FALSE,2024-08-30T10:10:25Z,2024-08-30T10:10:25Z,FALSE,0,FALSE,FALSE,NA,NA,NA,NA,NA,NA,NA,NA,https://pncp.gov.br/api/pncp/v1/orgaos/46137477000114/compras/2024/58/itens,200,agulha para caneta de insulina,8428,https://pncp.gov.br/api/pncp/v1/orgaos/46137477000114/compras/2024/58/itens/4/resultados,https://pncp.gov.br/api/pncp/v1/orgaos/46137477000114/compras/2024/58
2,Suplemento Nutricional componentes: cobre e zinco,M,Material,199.99,1199.94,6,Grama,FALSE,3,Não se aplica,NA,NA,7,Não se aplica,2,Homologado,5,Não se aplica,FALSE,2024-10-23T10:22:22Z,2024-10-23T10:25:22Z,TRUE,0,FALSE,FALSE,NA,NA,NA,NA,NA,NA,NA,NA,https://pncp.gov.br/api/pncp/v1/orgaos/12198693000158/compras/2024/116/itens,200,suplemento nutricional componentes cobre e zinco,5400,https://pncp.gov.br/api/pncp/v1/orgaos/12198693000158/compras/2024/116/itens/2/resultados,https://pncp.gov.br/api/pncp/v1/orgaos/12198693000158/compras/2024/116
2,ADENOSINA 6mg/2mL INJETÁVEL,M,Material,15.9594,9575.6796,600,Ampola,FALSE,3,Não se aplica,nao_se_aplica,nao_se_aplica,1,Menor preço,1,Em andamento,1,Participação exclusiva para ME/EPP,FALSE,2024-10-30T09:00:20Z,2024-10-30T09:00:20Z,FALSE,0,FALSE,FALSE,NA,NA,NA,NA,NA,NA,NA,NA,https://pncp.gov.br/api/pncp/v1/orgaos/46578498000175/compras/2024/162/itens,200,adenosina mg ml injetavel,2100,https://pncp.gov.br/api/pncp/v1/orgaos/46578498000175/compras/2024/162/itens/2/resultados,https://pncp.gov.br/api/pncp/v1/orgaos/46578498000175/compras/2024/162
2,Vacina quádrupla felina,M,Material,79.3,2379,30,FRA,FALSE,3,Não se aplica,NA,NA,1,Menor preço,2,Homologado,4,Sem benefício,FALSE,2024-12-10T09:49:53Z,2024-12-18T14:48:11Z,TRUE,0,FALSE,FALSE,NA,NA,NA,NA,NA,NA,NA,NA,NA,"NA,NA,NA,NA,NA,NA,NA,NA,NA,NA,""https://pncp.gov.br/api/pncp/v1/orgaos/46341038000129/compras/2024/2145/itens"",200",vacina quadrupla felina,15458,NA/2/resultados,NA
1256955,"COLECALCIFEROL, (Vit D3) 200 UI/gotas, solucao oral, 20 mL",M,Material,23.33,466.6,20,Un,FALSE,3,Não se aplica,NA,NA,7,Não se aplica,2,Homologado,4,Sem benefício,FALSE,2024-08-20T11:53:32Z,2024-09-23T14:21:14Z,TRUE,0,FALSE,FALSE,NA,NA,NA,NA,NA,NA,NA,NA,https://pncp.gov.br/api/pncp/v1/orgaos/05816630000152/compras/2024/4393/itens,200,colecalciferol vit d ui gotas solucao oral ml,1631,https://pncp.gov.br/api/pncp/v1/orgaos/05816630000152/compras/2024/4393/itens/1256955/resultados,https://pncp.gov.br/api/pncp/v1/orgaos/05816630000152/compras/2024/4393
4700011,ETOMIDATO- INJETAVEL,M,Material,27.39,82170,3000,UNIDADE,FALSE,3,Não se aplica,NA,NA,1,Menor preço,2,Homologado,4,Sem benefício,FALSE,2024-08-28T09:23:46Z,2024-12-23T08:57:55Z,TRUE,0,FALSE,FALSE,NA,NA,NA,NA,NA,NA,NA,NA,https://pncp.gov.br/api/pncp/v1/orgaos/18602060000140/compras/2024/94/itens,200,etomidato injetavel,7232,https://pncp.gov.br/api/pncp/v1/orgaos/18602060000140/compras/2024/94/itens/4700011/resultados,https://pncp.gov.br/api/pncp/v1/orgaos/18602060000140/compras/2024/94
10,Permetrina,M,Material,3.33,43290,13000,"Frasco 60,00 ML",FALSE,3,Não se aplica,NA,NA,1,Menor preço,2,Homologado,5,Não se aplica,FALSE,2024-12-02T07:13:44Z,2024-12-27T17:23:33Z,TRUE,0,FALSE,FALSE,NA,NA,30049021,NA,NA,NA,NA,NA,https://pncp.gov.br/api/pncp/v1/orgaos/96291141000180/compras/2024/7344/itens,200,permetrina,10676,https://pncp.gov.br/api/pncp/v1/orgaos/96291141000180/compras/2024/7344/itens/10/resultados,https://pncp.gov.br/api/pncp/v1/orgaos/96291141000180/compras/2024/7344
9,Ácido tranexâmico,M,Material,5.19,519,100,"Ampola 5,00 ML",FALSE,3,Não se aplica,NA,NA,1,Menor preço,5,Fracassado,1,Participação exclusiva para ME/EPP,FALSE,2024-11-05T07:21:11Z,2024-12-06T14:37:48Z,FALSE,0,FALSE,FALSE,NA,NA,NA,NA,NA,NA,NA,NA,https://pncp.gov.br/api/pncp/v1/orgaos/00394452000103/compras/2024/20181/itens,200,acido tranexamico,2032,https://pncp.gov.br/api/pncp/v1/orgaos/00394452000103/compras/2024/20181/itens/9/resultados,https://pncp.gov.br/api/pncp/v1/orgaos/00394452000103/compras/2024/20181
3,"(3182959) - NIMESULIDA - CONCENTRACAO/DOSAGEM 100 MG,FORMA FARMACEUTICA COMPRIMIDO,VIA DE ADMINISTRACAO ORAL",M,Material,0.3,450,1500,COMP,FALSE,3,Não se aplica,NA,NA,7,Não se aplica,1,Em andamento,4,Sem benefício,FALSE,2024-08-15T09:59:47Z,2024-08-15T09:59:47Z,TRUE,0,FALSE,FALSE,NA,NA,NA,NA,NA,NA,NA,NA,https://pncp.gov.br/api/pncp/v1/orgaos/10572048000128/compras/2024/666/itens,200,nimesulida concentracao dosagem mg forma farmaceutica comprimido via de administracao oral,10083,https://pncp.gov.br/api/pncp/v1/orgaos/10572048000128/compras/2024/666/itens/3/resultados,https://pncp.gov.br/api/pncp/v1/orgaos/10572048000128/compras/2024/666
7,Extrato Medicinal,M,Material,217.63,217.63,1,Comprimido,FALSE,3,Não se aplica,NA,NA,1,Menor preço,4,Deserto,1,Participação exclusiva para ME/EPP,FALSE,2024-08-27T15:16:28Z,2024-11-19T10:59:27Z,FALSE,0,FALSE,FALSE,NA,NA,NA,NA,NA,NA,NA,NA,https://pncp.gov.br/api/pncp/v1/orgaos/00394502000144/compras/2024/10837/itens,200,extrato medicinal,18455,https://pncp.gov.br/api/pncp/v1/orgaos/00394502000144/compras/2024/10837/itens/7/resultados,https://pncp.gov.br/api/pncp/v1/orgaos/00394502000144/compras/2024/10837
6,HIDROSMINA 200MG CAPS EM GEL DURA (REFERENCIA: VENULA),M,Material,1.3675,164.1,120,CÁPSULA,FALSE,3,Não se aplica,NA,NA,1,Menor preço,2,Homologado,4,Sem benefício,FALSE,2024-11-26T19:40:31Z,2024-11-26T19:40:32Z,TRUE,0,FALSE,FALSE,NA,NA,NA,NA,NA,NA,NA,NA,https://pncp.gov.br/api/pncp/v1/orgaos/46634564000187/compras/2024/1394/itens,200,hidrosmina mg caps em gel dura referencia venula,19533,https://pncp.gov.br/api/pncp/v1/orgaos/46634564000187/compras/2024/1394/itens/6/resultados,https://pncp.gov.br/api/pncp/v1/orgaos/46634564000187/compras/2024/1394
9,"HIDRATANTE DE USO COSMETICO - APLICACAO: PES E MAOS; PRINCIPIO ATIVO: UREIA + ACIDO GLICOLICO; FORMULACAO: ATIVOS HIDRATANTES, UMECTANTES E ESFOLIANTES",M,Material,11.4,342,30,FRASCO,FALSE,3,Não se aplica,NA,NA,1,Menor preço,2,Homologado,1,Participação exclusiva para ME/EPP,FALSE,2024-09-09T11:20:32Z,2024-09-23T10:45:40Z,FALSE,0,FALSE,FALSE,NA,NA,NA,NA,NA,NA,NA,NA,https://pncp.gov.br/api/pncp/v1/orgaos/17319831000123/compras/2024/4/itens,200,hidratante de uso cosmetico aplicacao pes e maos principio ativo ureia + acido glicolico formulacao ativos hidratantes umectantes e esfoliantes,19111,https://pncp.gov.br/api/pncp/v1/orgaos/17319831000123/compras/2024/4/itens/9/resultados,https://pncp.gov.br/api/pncp/v1/orgaos/17319831000123/compras/2024/4
4,Raloxifeno cloridrato,M,Material,3.48,1566,450,Comprimido,FALSE,3,Não se aplica,NA,NA,1,Menor preço,2,Homologado,5,Não se aplica,FALSE,2024-11-06T07:00:51Z,2024-12-16T11:43:03Z,TRUE,0,FALSE,FALSE,NA,NA,NA,NA,NA,NA,NA,NA,https://pncp.gov.br/api/pncp/v1/orgaos/07954480000179/compras/2024/22452/itens,200,raloxifeno cloridrato,13911,https://pncp.gov.br/api/pncp/v1/orgaos/07954480000179/compras/2024/22452/itens/4/resultados,https://pncp.gov.br/api/pncp/v1/orgaos/07954480000179/compras/2024/22452
1105000,"CURATIVO, de colageno (90%), com alginato de calcio e/ou sodio (10%), esteril, descartavel",M,Material,167.85,4028.4,24,Un,FALSE,3,Não se aplica,NA,NA,7,Não se aplica,2,Homologado,4,Sem benefício,FALSE,2024-08-20T12:06:40Z,2024-09-23T14:32:38Z,TRUE,0,FALSE,FALSE,NA,NA,NA,NA,NA,NA,NA,NA,https://pncp.gov.br/api/pncp/v1/orgaos/05816630000152/compras/2024/4699/itens,200,curativo de colageno com alginato de calcio e ou sodio esteril descartavel,2563,https://pncp.gov.br/api/pncp/v1/orgaos/05816630000152/compras/2024/4699/itens/1105000/resultados,https://pncp.gov.br/api/pncp/v1/orgaos/05816630000152/compras/2024/4699
10,Atropina Sulfato,M,Material,2.8,15260,5450,"Ampola 1,00 ML",FALSE,3,Não se aplica,NA,NA,1,Menor preço,2,Homologado,5,Não se aplica,FALSE,2024-11-27T07:07:09Z,2025-01-22T12:46:21Z,TRUE,0,FALSE,FALSE,NA,NA,NA,NA,NA,NA,NA,NA,https://pncp.gov.br/api/pncp/v1/orgaos/78640489000153/compras/2024/781/itens,200,atropina sulfato,355,https://pncp.gov.br/api/pncp/v1/orgaos/78640489000153/compras/2024/781/itens/10/resultados,https://pncp.gov.br/api/pncp/v1/orgaos/78640489000153/compras/2024/781
3,"ACESSÓRIO BOMBA INSULINA, TRANSMISSOR, MONITORIZAÇÃO CONTÍNUA DE GLICOSE (BOMBA DE INFUSÃO DE INSULINA SISTEMA MINIMED 780G ¿ MMT-1896BP",M,Material,18520,55560,3,PÇ,FALSE,3,Não se aplica,NA,NA,7,Não se aplica,1,Em andamento,5,Não se aplica,FALSE,2024-08-05T09:55:39Z,2024-08-05T09:55:39Z,FALSE,0,FALSE,FALSE,NA,NA,NA,NA,NA,NA,NA,NA,https://pncp.gov.br/api/pncp/v1/orgaos/46522959000198/compras/2024/55/itens,200,acessorio bomba insulina transmissor monitorizacao continua de glicose bomba de infusao de insulina sistema minimed g mmt bp,8428,https://pncp.gov.br/api/pncp/v1/orgaos/46522959000198/compras/2024/55/itens/3/resultados,https://pncp.gov.br/api/pncp/v1/orgaos/46522959000198/compras/2024/55
4,GLICLAZIDA 60MG - LIBERAÇÃO PROLONGADA,M,Material,2.78,333.6,120,COMPRIMIDO,FALSE,3,Não se aplica,NA,NA,1,Menor preço,2,Homologado,5,Não se aplica,FALSE,2024-08-06T10:40:35Z,2024-08-09T16:04:11Z,TRUE,0,FALSE,FALSE,NA,NA,NA,NA,NA,NA,NA,NA,https://pncp.gov.br/api/pncp/v1/orgaos/44494136000170/compras/2024/273/itens,200,gliclazida mg liberacao prolongada,19517,https://pncp.gov.br/api/pncp/v1/orgaos/44494136000170/compras/2024/273/itens/4/resultados,https://pncp.gov.br/api/pncp/v1/orgaos/44494136000170/compras/2024/273
2,LEITOR PARA MONITORAMENTO DE GLICOSE,M,Material,413.25,413.25,1,UN,FALSE,3,Não se aplica,NA,NA,1,Menor preço,2,Homologado,5,Não se aplica,FALSE,2024-11-06T11:12:33Z,2024-11-06T11:13:23Z,TRUE,0,FALSE,FALSE,NA,NA,NA,NA,NA,NA,NA,NA,https://pncp.gov.br/api/pncp/v1/orgaos/46363933000144/compras/2024/907/itens,200,leitor para monitoramento de glicose,8007,https://pncp.gov.br/api/pncp/v1/orgaos/46363933000144/compras/2024/907/itens/2/resultados,https://pncp.gov.br/api/pncp/v1/orgaos/46363933000144/compras/2024/907
1,"Ração Camundongo componentes: milho integral, farelo de soja, farelo de trigo,, apresentação: peletizada de forma cilíndrica, componentes vitamínicos: vitamina a, d3, b1, b11, b12, b6 e e, aplicação: ratos e camundongos de biotério, características adicionais: papel multifolheado contendo saco plástico para au",M,Material,200,28000,140,Saco 20 KG,FALSE,3,Não se aplica,NA,NA,7,Não se aplica,2,Homologado,5,Não se aplica,FALSE,2024-10-21T17:07:04Z,2024-10-21T17:10:05Z,TRUE,0,FALSE,FALSE,NA,NA,NA,NA,NA,NA,NA,NA,https://pncp.gov.br/api/pncp/v1/orgaos/48031918000124/compras/2024/3225/itens,200,racao camundongo componentes milho integral farelo de soja farelo de trigo apresentacao peletizada de forma cilindrica componentes vitaminicos vitamina a d b b b b e e aplicacao ratos e camundongos de bioterio caracteristicas adicionais papel multifolheado contendo saco plastico para au,19967,https://pncp.gov.br/api/pncp/v1/orgaos/48031918000124/compras/2024/3225/itens/1/resultados,https://pncp.gov.br/api/pncp/v1/orgaos/48031918000124/compras/2024/3225
6,Ácido valpróico,M,Material,0.3695,249412.5,675000,Comprimido,FALSE,3,Não se aplica,NA,NA,1,Menor preço,1,Em andamento,5,Não se aplica,FALSE,2024-10-29T07:36:55Z,2024-10-29T07:36:55Z,FALSE,0,FALSE,FALSE,NA,NA,NA,NA,NA,NA,NA,NA,https://pncp.gov.br/api/pncp/v1/orgaos/75771477000170/compras/2024/535/itens,200,acido valproico,2036,https://pncp.gov.br/api/pncp/v1/orgaos/75771477000170/compras/2024/535/itens/6/resultados,https://pncp.gov.br/api/pncp/v1/orgaos/75771477000170/compras/2024/535
7,ACETILCISTEINA 600 MG,M,Material,24.47,48.94,2,CX,FALSE,3,Não se aplica,false,false,1,Menor preço,2,Homologado,4,Sem benefício,FALSE,2024-10-17T15:23:36Z,2024-10-17T15:23:49Z,TRUE,0,FALSE,FALSE,NA,NA,NA,NA,NA,NA,NA,NA,https://pncp.gov.br/api/pncp/v1/orgaos/46223699000150/compras/2024/3604/itens,200,acetilcisteina mg,1824,https://pncp.gov.br/api/pncp/v1/orgaos/46223699000150/compras/2024/3604/itens/7/resultados,https://pncp.gov.br/api/pncp/v1/orgaos/46223699000150/compras/2024/3604
3,Carboplatina,M,Material,102.142,234926.6,2300,Frasco-Ampola,FALSE,3,Não se aplica,NA,NA,1,Menor preço,5,Fracassado,5,Não se aplica,FALSE,2024-09-03T07:37:47Z,2024-10-17T15:06:07Z,FALSE,0,FALSE,FALSE,NA,NA,NA,NA,NA,NA,NA,NA,https://pncp.gov.br/api/pncp/v1/orgaos/08761124000100/compras/2024/843/itens,200,carboplatina,4520,https://pncp.gov.br/api/pncp/v1/orgaos/08761124000100/compras/2024/843/itens/3/resultados,https://pncp.gov.br/api/pncp/v1/orgaos/08761124000100/compras/2024/843
2,Clorexidina Digluconato,M,Material,26.725,453737,16978,"Frasco 1000,00 ML",FALSE,3,Não se aplica,NA,NA,1,Menor preço,2,Homologado,5,Não se aplica,FALSE,2024-12-23T07:04:35Z,2025-01-21T14:22:27Z,TRUE,0,FALSE,FALSE,NA,NA,NA,NA,NA,NA,NA,NA,NA,"NA,NA,NA,NA,NA,NA,NA,NA,NA,NA,""https://pncp.gov.br/api/pncp/v1/orgaos/00394700000108/compras/2024/469/itens"",200",clorexidina digluconato,17357,NA/2/resultados,NA
80001,"CEMIPLIMABE 350 mg, solucao para diluicao, para infusao, frasco ampola 7 ml. A embalagem deve apresentar a frase: venda proibida pelo comercio. O fornecedor deve apresentar bula, registro do produto na ANVISA e certificado de boas pratica de fabricação- CBPF em conformidade com as resoluções da ANVISA em vigência. Em caso do fabricante fora do MERCOSUL, apresentar documento do país de origem traduzido por tradutor oficial. Unidade de fornecimento: frasco-ampola. Obs.: Exclusivo para atendimento de determinação judicial.",M,Material,36672.53,220035.18,6,23,FALSE,3,Não se aplica,NA,NA,1,Menor preço,1,Em andamento,1,Participação exclusiva para ME/EPP,FALSE,2024-11-18T18:30:35Z,2025-01-14T23:03:58Z,FALSE,0,FALSE,FALSE,NA,NA,NA,NA,NA,NA,NA,NA,https://pncp.gov.br/api/pncp/v1/orgaos/13937032000160/compras/2024/2180/itens,200,cemiplimabe mg solucao para diluicao para infusao frasco ampola ml a embalagem deve apresentar a frase venda proibida pelo comercio o fornecedor deve apresentar bula registro do produto na anvisa e certificado de boas pratica de fabricacao cbpf em conformidade com as resolucoes da anvisa em vigencia em caso do fabricante fora do mercosul apresentar documento do pais de origem traduzido por tradutor oficial unidade de fornecimento frasco ampola obs exclusivo para atendimento de determinacao judicial,19809,https://pncp.gov.br/api/pncp/v1/orgaos/13937032000160/compras/2024/2180/itens/80001/resultados,https://pncp.gov.br/api/pncp/v1/orgaos/13937032000160/compras/2024/2180
