"lote","tamanho","inicio","fim","duracao"
1,1000,2025-03-27T19:36:08.285100Z,2025-03-27T19:46:17.100275Z,608.815175533295
2,1000,2025-03-27T19:46:17.178689Z,2025-03-27T19:56:27.951059Z,610.772369623184
3,1000,2025-03-27T19:56:28.007824Z,2025-03-27T20:06:33.168991Z,605.161167144775
4,1000,2025-03-27T20:06:33.226929Z,2025-03-27T20:16:37.389183Z,604.162253856659
5,1000,2025-03-27T20:16:37.428916Z,2025-03-27T20:26:43.277152Z,605.848236560822
6,1000,2025-03-27T20:26:43.361548Z,2025-03-27T20:36:47.996903Z,604.635355472565
7,1000,2025-03-27T20:36:48.152004Z,2025-03-27T20:46:55.858813Z,607.706809043884
8,1000,2025-03-27T20:46:55.921903Z,2025-03-27T20:56:49.319234Z,593.397330284119
9,1000,2025-03-27T20:56:49.355714Z,2025-03-27T21:06:49.025775Z,599.67006111145
10,1000,2025-03-27T21:06:49.064559Z,2025-03-27T21:16:48.290490Z,599.225931167603
11,1000,2025-03-27T21:16:48.328536Z,2025-03-27T21:26:48.397585Z,600.069049119949
12,1000,2025-03-27T21:26:48.432273Z,2025-03-27T21:36:49.838330Z,601.406056642532
13,1000,2025-03-27T21:36:49.889247Z,2025-03-27T21:47:06.610121Z,616.72087430954
14,1000,2025-03-27T21:47:06.694392Z,2025-03-27T21:57:01.271741Z,594.577349185944
15,1000,2025-03-27T21:57:01.319485Z,2025-03-27T22:06:58.846641Z,597.527155399323
16,1000,2025-03-27T22:06:58.889605Z,2025-03-27T22:17:00.652966Z,601.763360977173
17,1000,2025-03-27T22:17:00.698367Z,2025-03-27T22:27:00.375960Z,599.677593231201
18,1000,2025-03-27T22:27:00.416654Z,2025-03-27T22:36:59.770253Z,599.353599309921
19,1000,2025-03-27T22:36:59.811946Z,2025-03-27T22:46:55.738573Z,595.926627159119
20,1000,2025-03-27T22:46:55.788320Z,2025-03-27T22:56:49.437455Z,593.649135112763
21,1000,2025-03-27T22:56:49.480803Z,2025-03-27T23:06:47.709420Z,598.228616952896
22,1000,2025-03-27T23:06:47.748344Z,2025-03-27T23:16:45.402962Z,597.654617786407
23,1000,2025-03-27T23:16:45.441585Z,2025-03-27T23:26:42.314004Z,596.872418642044
24,1000,2025-03-27T23:26:42.353319Z,2025-03-27T23:36:39.717257Z,597.363937854767
25,1000,2025-03-27T23:36:39.756202Z,2025-03-27T23:46:33.120520Z,593.364317655563
26,1000,2025-03-27T23:46:33.163740Z,2025-03-27T23:56:26.788396Z,593.62465596199
27,1000,2025-03-27T23:56:26.828890Z,2025-03-28T00:06:27.279104Z,600.450214624405
28,1000,2025-03-28T00:06:27.327220Z,2025-03-28T00:16:25.857063Z,598.529842853546
29,1000,2025-03-28T00:16:25.898187Z,2025-03-28T00:26:28.437390Z,602.539202451706
30,1000,2025-03-28T00:26:28.485509Z,2025-03-28T00:36:28.805940Z,600.320430755615
31,1000,2025-03-28T00:36:28.848381Z,2025-03-28T00:46:21.636251Z,592.787870168686
32,1000,2025-03-28T00:46:21.676913Z,2025-03-28T00:56:14.033053Z,592.356139659882
33,1000,2025-03-28T00:56:14.085880Z,2025-03-28T01:06:11.728643Z,597.642762899399
34,1000,2025-03-28T01:06:11.765148Z,2025-03-28T01:16:09.079300Z,597.314151763916
35,1000,2025-03-28T01:16:09.116546Z,2025-03-28T01:26:06.084491Z,596.967945337296
36,1000,2025-03-28T01:26:06.123039Z,2025-03-28T01:36:04.200188Z,598.077148914337
37,1000,2025-03-28T01:36:04.239060Z,2025-03-28T01:46:04.169443Z,599.930383443832
38,1000,2025-03-28T01:46:04.223874Z,2025-03-28T01:55:59.243848Z,595.01997423172
39,1000,2025-03-28T01:55:59.293539Z,2025-03-28T02:05:56.555504Z,597.261964797974
40,1000,2025-03-28T02:05:56.593785Z,2025-03-28T02:15:54.864251Z,598.270466327667
41,1000,2025-03-28T02:15:54.904386Z,2025-03-28T02:25:52.370915Z,597.466529607773
42,1000,2025-03-28T02:25:52.405609Z,2025-03-28T02:35:49.506087Z,597.100477695465
43,1000,2025-03-28T02:35:49.542738Z,2025-03-28T02:45:46.000180Z,596.457442760468
44,1000,2025-03-28T02:45:46.039762Z,2025-03-28T02:55:41.044851Z,595.005088806152
45,1000,2025-03-28T02:55:41.083308Z,2025-03-28T03:05:42.631211Z,601.547903060913
46,1000,2025-03-28T03:05:42.670774Z,2025-03-28T03:15:38.722541Z,596.051766395569
47,1000,2025-03-28T03:15:38.760470Z,2025-03-28T03:25:35.912167Z,597.151696920395
48,1000,2025-03-28T03:25:35.948780Z,2025-03-28T03:35:31.365268Z,595.416488647461
49,1000,2025-03-28T03:35:31.414607Z,2025-03-28T03:45:29.482124Z,598.06751704216
50,1000,2025-03-28T03:45:29.557062Z,2025-03-28T03:55:17.942953Z,588.385890722275
51,1000,2025-03-28T03:55:17.981858Z,2025-03-28T04:05:10.650858Z,592.669000387192
52,1000,2025-03-28T04:05:10.690871Z,2025-03-28T04:15:04.064455Z,593.37358379364
53,1000,2025-03-28T04:15:04.103060Z,2025-03-28T04:24:59.279710Z,595.176650047302
54,1000,2025-03-28T04:24:59.317499Z,2025-03-28T04:34:54.588939Z,595.271440267563
55,1000,2025-03-28T04:34:54.627173Z,2025-03-28T04:44:41.183169Z,586.555996179581
56,1000,2025-03-28T04:44:41.220405Z,2025-03-28T04:54:30.763579Z,589.543173789978
57,1000,2025-03-28T04:54:30.801380Z,2025-03-28T05:04:27.805511Z,597.004130840302
58,1000,2025-03-28T05:04:27.844569Z,2025-03-28T05:14:22.698205Z,594.853635072708
59,1000,2025-03-28T05:14:22.734769Z,2025-03-28T05:24:18.342038Z,595.607268571854
60,1000,2025-03-28T05:24:18.381708Z,2025-03-28T05:34:13.592818Z,595.211109638214
61,1000,2025-03-28T05:34:13.630632Z,2025-03-28T05:44:07.781738Z,594.151106595993
62,1000,2025-03-28T05:44:07.832112Z,2025-03-28T05:53:54.189492Z,586.357380151749
63,1000,2025-03-28T05:53:54.231697Z,2025-03-28T06:03:48.376166Z,594.144469022751
64,1000,2025-03-28T06:03:48.417166Z,2025-03-28T06:13:58.210561Z,609.793394088745
65,1000,2025-03-28T06:13:58.286559Z,2025-03-28T06:23:53.502654Z,595.216094970703
66,1000,2025-03-28T06:23:53.540187Z,2025-03-28T06:33:50.436628Z,596.896440505982
67,1000,2025-03-28T06:33:50.473978Z,2025-03-28T06:40:38.412098Z,407.938119888306
